Date,Price,Volume,Market cap,Coin
2025-04-14,0.999699296,65444521521,144301072711,USDT
2025-04-13,0.9996533194,60193768880,144345477534,USDT
2025-04-12,0.9998840384,53780414831,144358039977,USDT
2025-04-11,0.9994921352,69911193868,144270066488,USDT
2025-04-10,0.9992909031,80163124209,144272216564,USDT
2025-04-09,0.9996860915,139544979611,143966376637,USDT
2025-04-08,0.9989745102,81564232647,144052510272,USDT
2025-04-07,0.9997728736,159480342752,144225138991,USDT
2025-04-06,0.9992761127,74366051040,143986738621,USDT
2025-04-05,0.9995837776,34108090670,144026707894,USDT
2025-04-04,0.9996161706,79619710660,144033928949,USDT
2025-04-03,0.9995683582,74632997745,144182754256,USDT
2025-04-02,0.9997974215,91631661187,144006792400,USDT
2025-04-01,1.000000498,58370134998,143998606986,USDT
2025-03-31,0.9997680831,59967779901,143906614992,USDT
2025-03-30,0.9998702769,38085432412,144168520865,USDT
2025-03-29,0.9995912538,45385777468,144122703316,USDT
2025-03-28,0.9995086548,71112920720,144109394038,USDT
2025-03-27,0.9997179037,55911263699,144133634838,USDT
2025-03-26,1.000052157,58872800987,144017689461,USDT
2025-03-25,1.000188374,58456757340,143799182080,USDT
2025-03-24,1.000358244,67599933158,143514104275,USDT
2025-03-23,1.000017402,39613720219,143487646963,USDT
2025-03-22,0.9998776186,33001997620,143468942749,USDT
2025-03-21,0.9996476645,47826756168,143470753035,USDT
2025-03-20,0.9994921174,61655037854,143565636630,USDT
2025-03-19,1.00029035,77454470815,143474421809,USDT
2025-03-18,0.9998004346,55568882437,143396840566,USDT
2025-03-17,1.00003097,56970443832,143465213781,USDT
2025-03-16,1.000111727,48641020262,143484211112,USDT
2025-03-15,1.000044205,38617325773,143469636475,USDT
2025-03-14,1.000029121,60468227136,143353168630,USDT
2025-03-13,0.999626133,69499068047,143294661065,USDT
2025-03-12,0.9996868418,78841806978,143145514653,USDT
2025-03-11,0.9997764722,104880955133,142960853591,USDT
2025-03-10,0.9996802191,106068799847,142891277302,USDT
2025-03-09,0.9997331583,66660356811,142767254406,USDT
2025-03-08,0.9997193244,45463660288,142761678983,USDT
2025-03-07,0.9995577841,111427883161,142744011637,USDT
2025-03-06,1.000145699,87306564550,142736433112,USDT
2025-03-05,0.999943774,91447454228,142493229811,USDT
2025-03-04,0.9996783859,130594229329,142470611109,USDT
2025-03-03,0.9991942029,135811207338,142331723684,USDT
2025-03-02,1.000125162,133280929229,142438646828,USDT
2025-03-01,0.999449382,62938723492,142120863798,USDT
2025-02-28,0.9995286656,146908454227,142138663610,USDT
2025-02-27,0.9989795644,98043035762,142152677704,USDT
2025-02-26,1.000197144,119836685405,141928053161,USDT
2025-02-25,0.9989881773,170041838176,142204538144,USDT
2025-02-24,0.9997503607,100852116996,142415096722,USDT
2025-02-23,1.000114856,54022199584,142499822975,USDT
2025-02-22,1.000218539,57283088675,142520744328,USDT
2025-02-21,0.9995218787,108902119689,142139522500,USDT
2025-02-20,1.000332035,72455845464,141824825987,USDT
2025-02-19,0.99992868,65862475675,141766356120,USDT
2025-02-18,0.9993792278,85488692072,141672983177,USDT
2025-02-17,0.9999330548,73802340406,141987714076,USDT
2025-02-16,1.000085247,45737337095,142015302747,USDT
2025-02-15,1.000153503,49511991572,142017601261,USDT
2025-02-14,1.000083885,82431082792,141819968666,USDT
2025-02-13,1.000161163,83624826615,141953710944,USDT
2025-02-12,1.000061127,102503671614,141964175064,USDT
2025-02-11,0.9998602596,84538857183,141858500279,USDT
2025-02-10,1.00013541,82150710154,141649860853,USDT
2025-02-09,1.000194016,67025155232,141762382489,USDT
2025-02-08,1.000236843,59882139192,141705666747,USDT
2025-02-07,1.000304958,107866064908,141404652606,USDT
2025-02-06,1.000170311,99009274148,141177357399,USDT
2025-02-05,1.000131834,100967848652,141401707165,USDT
2025-02-04,1.000158122,155187896041,140500952936,USDT
2025-02-03,1.001051258,292831861639,139544714635,USDT
2025-02-02,0.9997595849,147745588018,139370731417,USDT
2025-02-01,0.9998434132,72792811129,139389762633,USDT
2025-01-31,0.9997710652,96233410167,139356595783,USDT
2025-01-30,1.000121559,83411405756,139422280220,USDT
2025-01-29,1.000140033,94067494817,139495744223,USDT
2025-01-28,0.9996487074,91853415796,139378934822,USDT
2025-01-27,0.9999601516,162852896419,139338025303,USDT
2025-01-26,0.9996496338,63723125224,139289573910,USDT
2025-01-25,0.9998824633,65014479482,139310901067,USDT
2025-01-24,0.9998924635,106044721443,138922824754,USDT
2025-01-23,1.000157723,156427496541,138633157641,USDT
2025-01-22,0.9995415505,112098975855,138491040966,USDT
2025-01-21,0.999918329,174822279640,138406053005,USDT
2025-01-20,0.9989505438,273447339459,138191260283,USDT
2025-01-19,0.999032817,242157716336,138215527521,USDT
2025-01-18,0.9990587696,142636119598,138167508346,USDT
2025-01-17,1.000297152,134437311375,137503988638,USDT
2025-01-16,0.9999002213,121313098677,137431349337,USDT
2025-01-15,1.000033041,123293293794,137254936501,USDT
2025-01-14,0.9997929041,98005957394,137213317941,USDT
2025-01-13,0.9995447066,144300712698,137397571863,USDT
2025-01-12,0.9995340948,54637025454,137388313633,USDT
2025-01-11,0.9996122431,57535335308,137394461634,USDT
2025-01-10,0.9999107632,118957513491,137433895888,USDT
2025-01-09,0.9999650143,123330689723,137600999624,USDT
2025-01-08,0.9997601479,136465081033,137556451404,USDT
2025-01-07,0.9999237044,131667426225,137507121905,USDT
2025-01-06,1.000426577,108122902094,137321543525,USDT
2025-01-05,0.9998543493,64028140855,137250898907,USDT
2025-01-04,0.9999829958,74021836865,137275789846,USDT
2025-01-03,0.9995022645,98538090257,137187042109,USDT
2025-01-02,0.9991147732,105203615172,137295398960,USDT
2025-01-01,0.9978428052,68502735817,137146007423,USDT
2024-12-31,0.998078435,91819301596,137533977345,USDT
2024-12-30,0.9980731822,115072081499,138685395801,USDT
2024-12-29,0.9981475179,69693606139,138748711790,USDT
2024-12-28,0.9981845093,67439233134,138757494324,USDT
2024-12-27,0.9986333036,109643243034,139242342482,USDT
2024-12-26,0.9987839546,103981654028,139269538043,USDT
2024-12-25,0.9991684097,95006873018,139305560905,USDT
2024-12-24,0.9993100429,110251264354,139748850453,USDT
2024-12-23,0.998720753,143549331087,139667489904,USDT
2024-12-22,0.999072968,113706935887,139736226728,USDT
2024-12-21,0.9997703918,145138019727,139824038874,USDT
2024-12-20,0.9995260818,259587932676,140557862589,USDT
2024-12-19,0.9991999499,235961162359,140519418700,USDT
2024-12-18,0.9996658051,204621508146,140540791799,USDT
2024-12-17,1.000052096,153946818098,140461955316,USDT
2024-12-16,1.000140758,182117784211,140278403860,USDT
2024-12-15,0.9994379918,110558845836,140162036067,USDT
2024-12-14,0.9997115063,105119424690,140094173702,USDT
2024-12-13,1.000131805,138144222106,140098106323,USDT
2024-12-12,1.000104486,175416498704,139754081528,USDT
2024-12-11,1.000551152,183494290144,138696977116,USDT
2024-12-10,1.000698111,258614541407,138401131354,USDT
2024-12-09,1.00044689,268299692134,138132101983,USDT
2024-12-08,1.000801137,124097864930,138022722413,USDT
2024-12-07,1.000911493,134071994829,137828205171,USDT
2024-12-06,1.001539527,217009391726,136840200071,USDT
2024-12-05,1.002223899,300668571420,135946594852,USDT
2024-12-04,1.001337115,230862012926,135154959457,USDT
2024-12-03,1.000986336,228432340978,134774046876,USDT
2024-12-02,1.000349149,227268445649,134163655455,USDT
2024-12-01,1.00076245,130353277727,134144285331,USDT
2024-11-30,1.000630316,120928470477,134088502507,USDT
2024-11-29,1.000366319,134186448971,133483323985,USDT
2024-11-28,1.000153641,129679180306,133226700636,USDT
2024-11-27,1.0009944,160374457051,132793751537,USDT
2024-11-26,0.9996537407,181473614140,132686858728,USDT
2024-11-25,0.9999894282,191694839817,132588967998,USDT
2024-11-24,1.000862568,161179026067,132552148318,USDT
2024-11-23,1.000925853,175794188544,132229941343,USDT
2024-11-22,1.001121195,168744865627,130863246580,USDT
2024-11-21,1.001053596,196629125698,130291032807,USDT
2024-11-20,1.000761519,140774842890,128858450484,USDT
2024-11-19,1.001337216,145026896702,128327360188,USDT
2024-11-18,1.000591133,160315204053,127613461731,USDT
2024-11-17,1.000218908,132049931364,127562925987,USDT
2024-11-16,1.000260452,132581111290,127402113317,USDT
2024-11-15,1.00036727,162767483205,127328710155,USDT
2024-11-14,1.000019347,191362214233,126619599223,USDT
2024-11-13,1.001271048,249998968429,125395116711,USDT
2024-11-12,1.000982084,263991047405,124133392943,USDT
2024-11-11,1.001115737,221704336713,123515926642,USDT
2024-11-10,1.000692891,178936402107,123294894269,USDT
2024-11-09,1.00044011,79860693662,123083871281,USDT
2024-11-08,1.000459127,102072246665,122020731649,USDT
2024-11-07,1.000714617,113210698441,121465868840,USDT
2024-11-06,1.000829697,174263401161,120600360128,USDT
2024-11-05,1.000001044,69890308288,120493756335,USDT
2024-11-04,0.9995651905,64129566492,120522523938,USDT
2024-11-03,0.9995908102,57567131255,120525662309,USDT
2024-11-02,0.9996574453,35453783349,120545315339,USDT
2024-11-01,0.9994417073,75894767746,120514749579,USDT
2024-10-31,0.9986226383,67445977914,120411037108,USDT
2024-10-30,0.9996321476,69142436437,120455453674,USDT
2024-10-29,0.9997292819,87586242107,120210915511,USDT
2024-10-28,0.9993047483,66855500410,120259047010,USDT
2024-10-27,0.9987454662,34453667355,120188351108,USDT
2024-10-26,0.9987218812,44076956725,120166455583,USDT
2024-10-25,0.9981626085,78091841017,120076508230,USDT
2024-10-24,0.9995067305,57614263583,120165280485,USDT
2024-10-23,0.9991942656,60689585382,120112680455,USDT
2024-10-22,0.9993875937,58886789137,120145920300,USDT
2024-10-21,0.9998329297,66839777317,120164058011,USDT
2024-10-20,0.9997024261,45409324314,120131870663,USDT
2024-10-19,0.9999491188,32490132300,120165050498,USDT
2024-10-18,0.9999078545,59487210585,119999515386,USDT
2024-10-17,0.9996830469,55057801321,119935878767,USDT
2024-10-16,0.9998351964,63169854723,119953525821,USDT
2024-10-15,0.9998084844,83963242850,119741258856,USDT
2024-10-14,0.9995031504,73645211355,119683986705,USDT
2024-10-13,0.9995565494,36960774632,119684031434,USDT
2024-10-12,0.9997572275,35944351076,119707202830,USDT
2024-10-11,0.9997560915,51632274020,119701420282,USDT
2024-10-10,0.9992090471,53496953156,119763317091,USDT
2024-10-09,0.999070774,51841377811,119736521474,USDT
2024-10-08,0.9994200605,52704043947,119788189289,USDT
2024-10-07,0.9999707658,62209887550,119657974910,USDT
2024-10-06,0.9998459695,31287737203,119652966332,USDT
2024-10-05,0.9999758937,29417406990,119640559083,USDT
2024-10-04,1.000150646,52705769943,119659841644,USDT
2024-10-03,0.9999939449,63125979096,119632235988,USDT
2024-10-02,0.9997510821,70063566098,119627273049,USDT
2024-10-01,0.9997880909,87661652549,119605745273,USDT
2024-09-30,0.9998137275,64288823984,119606990798,USDT
2024-09-29,1.00013963,39151842030,119535637477,USDT
2024-09-28,1.000185859,38585123416,119436453012,USDT
2024-09-27,1.000179464,61923482857,119381075672,USDT
2024-09-26,1.000242654,66981158381,119310843102,USDT
2024-09-25,0.9998553252,50797578929,119251993630,USDT
2024-09-24,0.9999684831,56967919219,119240052657,USDT
2024-09-23,0.9999994266,60077721757,119239522775,USDT
2024-09-22,1.000088369,41426101070,119175568395,USDT
2024-09-21,1.000309675,33954200576,119181581792,USDT
2024-09-20,1.000110847,62999225593,119172814477,USDT
2024-09-19,1.000198041,68815065769,118916699579,USDT
2024-09-18,1.000434749,62277811817,118903015314,USDT
2024-09-17,1.000088442,55698782715,118712523306,USDT
2024-09-16,0.9999368004,52359857999,118693600445,USDT
2024-09-15,1.000068364,33574816326,118816936252,USDT
2024-09-14,1.000207088,31284959922,118599575491,USDT
2024-09-13,1.000777555,50561943685,118410362296,USDT
2024-09-12,0.9999720171,49496227393,118382249277,USDT
2024-09-11,1.000136948,53910355372,118393661761,USDT
2024-09-10,1.000016904,44958459857,118367165716,USDT
2024-09-09,1.000144802,53645369813,118213349441,USDT
2024-09-08,0.9999346108,32754298136,118212522815,USDT
2024-09-07,0.9998500565,34349157560,118183301980,USDT
2024-09-06,0.9997416394,76063648537,118110992248,USDT
2024-09-05,0.999754353,47219392114,118123412031,USDT
2024-09-04,1.000019279,57499396611,118144833383,USDT
2024-09-03,0.9997512423,43284063635,118108714817,USDT
2024-09-02,0.9998954485,45617837521,118213094420,USDT
2024-09-01,1.000005783,40816634044,118233284750,USDT
2024-08-31,0.9998844109,24536311364,118214928566,USDT
2024-08-30,0.9998932726,53462688174,118213225145,USDT
2024-08-29,1.000158936,51557558279,118118434662,USDT
2024-08-28,1.000149715,69866785923,118058608837,USDT
2024-08-27,1.000326715,65120597214,118077598988,USDT
2024-08-26,1.000202128,51030197598,117883309512,USDT
2024-08-25,1.000545276,40361519650,117924482898,USDT
2024-08-24,1.000411915,46227369084,117909039091,USDT
2024-08-23,1.000839325,66435913915,117771678648,USDT
2024-08-22,1.000228475,45673020568,117451307682,USDT
2024-08-21,1.000306451,53113473486,117319442909,USDT
2024-08-20,1.000045552,53591125880,117302674602,USDT
2024-08-19,1.000526133,46796006984,116948334578,USDT
2024-08-18,1.000641518,34966981759,116930616831,USDT
2024-08-17,1.000209474,27396981274,116841598027,USDT
2024-08-16,1.000291238,49001060836,116746696274,USDT
2024-08-15,1.000236883,56751936622,116557615011,USDT
2024-08-14,1.000289619,52144724490,116218305086,USDT
2024-08-13,1.000265528,51440569199,115674781297,USDT
2024-08-12,1.000180484,63275431596,115669017013,USDT
2024-08-11,1.000045428,41909131618,115644012878,USDT
2024-08-10,1.000210575,31042565436,115681668414,USDT
2024-08-09,1.000577971,55251256632,115470949574,USDT
2024-08-08,1.000278751,73383041658,115069595825,USDT
2024-08-07,1.000273427,72320106597,114560688936,USDT
2024-08-06,1.000573496,81396416579,114465754318,USDT
2024-08-05,1.000364667,188926094526,114575013675,USDT
2024-08-04,0.999680481,58452540746,114482501638,USDT
2024-08-03,0.9995991403,54276527600,114493483482,USDT
2024-08-02,0.9986746808,67773726855,114347643174,USDT
2024-08-01,0.9991079295,65833386618,114389973000,USDT
2024-07-31,0.9997333762,52003171104,114435510391,USDT
2024-07-30,0.9998297928,51267032806,114443245378,USDT
2024-07-29,0.9997949788,63609014546,114394587328,USDT
2024-07-28,0.9999081969,33668335667,114407348239,USDT
2024-07-27,1.000086649,55047490100,114333758547,USDT
2024-07-26,1.000175976,52685688859,114301945156,USDT
2024-07-25,0.9998106415,69959674584,114368803542,USDT
2024-07-24,0.9998220531,51701005917,114403399831,USDT
2024-07-23,1.000161225,67217361972,114257947071,USDT
2024-07-22,1.000416753,52730305555,114133894420,USDT
2024-07-21,1.000191008,50474174912,114061252605,USDT
2024-07-20,1.00044696,40368955293,113934800515,USDT
2024-07-19,1.000517852,64622483446,113754606330,USDT
2024-07-18,0.9998305667,53674693484,113613163520,USDT
2024-07-17,1.000185765,61898179810,113245588243,USDT
2024-07-16,1.000626125,76288567031,112932846087,USDT
2024-07-15,1.000793123,66578959504,112626181072,USDT
2024-07-14,1.000279672,41068191081,112498379291,USDT
2024-07-13,1.000299824,34421372740,112451065911,USDT
2024-07-12,1.000223699,46446510451,112394038911,USDT
2024-07-11,1.000069372,52287657808,112267596518,USDT
2024-07-10,0.999877218,48310166694,112246025302,USDT
2024-07-09,1.000013487,52771534181,112208663949,USDT
2024-07-08,0.9998192961,74590713592,112189505845,USDT
2024-07-07,0.9998319619,42863990186,112204931886,USDT
2024-07-06,1.000098182,43532116200,112234808108,USDT
2024-07-05,1.00002742,104430727675,112304369856,USDT
2024-07-04,0.9996606032,74732714381,112446698381,USDT
2024-07-03,0.9988527634,57042672759,112515542918,USDT
2024-07-02,0.9984534381,39391729670,112612903256,USDT
2024-07-01,0.9989681272,45876476553,112758516893,USDT
2024-06-30,0.9984086588,34937001727,112731812369,USDT
2024-06-29,0.9983658805,28311234049,112627145617,USDT
2024-06-28,0.9981365608,48868972915,112597573979,USDT
2024-06-27,0.9985970454,45267792573,112622557020,USDT
2024-06-26,0.9993244542,44813407523,112753404527,USDT
2024-06-25,0.999808206,52502040528,112912703846,USDT
2024-06-24,0.999407696,75556423079,112884362508,USDT
2024-06-23,0.9993440386,29265392695,112867606178,USDT
2024-06-22,0.9995725581,26893846849,112893415546,USDT
2024-06-21,0.9994792527,52864626463,112832566730,USDT
2024-06-20,0.9993994655,53052487180,112823559454,USDT
2024-06-19,0.999796308,48283435769,112583139431,USDT
2024-06-18,0.9995495065,78695656625,112501884806,USDT
2024-06-17,0.9996450189,60712949361,112520935651,USDT
2024-06-16,0.9992930094,31962850043,112480370445,USDT
2024-06-15,0.9994665271,35823242153,112499901593,USDT
2024-06-14,0.9994713315,56734383862,112499943136,USDT
2024-06-13,0.9996053803,56101863399,112499618477,USDT
2024-06-12,0.9996822798,67692265125,112460523021,USDT
2024-06-11,0.9999405585,72360838236,112489578409,USDT
2024-06-10,0.9995813232,51346980569,112433872191,USDT
2024-06-09,0.9999038164,38460275023,112441148680,USDT
2024-06-08,0.9999193702,42654042043,112444047660,USDT
2024-06-07,0.9996244864,83727148277,112390395074,USDT
2024-06-06,0.9995213924,58624834999,112342921780,USDT
2024-06-05,1.000113631,67311453236,112329544372,USDT
2024-06-04,1.000217934,64592711851,112309167547,USDT
2024-06-03,0.999798997,66326852767,112187456183,USDT
2024-06-02,0.9994031898,47966136014,112140407830,USDT
2024-06-01,0.9992923061,34114810017,112063305722,USDT
2024-05-31,0.9989946781,58892635053,111883619376,USDT
2024-05-30,0.9996584236,66107540689,111925660330,USDT
2024-05-29,0.9987621106,64306272506,111820369361,USDT
2024-05-28,0.9989018939,75112778670,111840105323,USDT
2024-05-27,0.9992115474,64469471473,111850901727,USDT
2024-05-26,0.9995280027,44796186073,111880094514,USDT
2024-05-25,0.99988464,41182549806,111922883085,USDT
2024-05-24,0.9998099738,68659164363,111877496387,USDT
2024-05-23,0.9995786643,107880114240,111712346955,USDT
2024-05-22,0.9994562143,75458368905,111693510807,USDT
2024-05-21,0.999879035,104832621504,111352434061,USDT
2024-05-20,1.00009843,86442004708,111437982905,USDT
2024-05-19,0.9999118671,38312293613,111425073390,USDT
2024-05-18,1.000205819,39091871989,111355465813,USDT
2024-05-17,1.000400457,56249728895,111259408642,USDT
2024-05-16,1.000098348,62000126842,111214863874,USDT
2024-05-15,1.000547076,70663923975,111011085045,USDT
2024-05-14,0.9995922771,57380795961,110805777511,USDT
2024-05-13,0.9998563933,53205467613,110822254356,USDT
2024-05-12,0.999566105,25865589825,110793360103,USDT
2024-05-11,0.9997594334,29171047578,110810575113,USDT
2024-05-10,0.9998610989,50244486838,110800958985,USDT
2024-05-09,0.9998679035,46236991775,110944383142,USDT
2024-05-08,0.9995852428,46623837988,110910426656,USDT
2024-05-07,0.999999539,46143834059,110967225300,USDT
2024-05-06,1.000038335,52931405950,110912135433,USDT
2024-05-05,1.000254291,36224596673,110937481132,USDT
2024-05-04,1.000147699,39527945715,110785799470,USDT
2024-05-03,1.000547319,53871028495,110666576840,USDT
2024-05-02,1.000053249,54769809487,110601610981,USDT
2024-05-01,0.9985574808,76859530069,110436191578,USDT
2024-04-30,0.9991623444,66092463422,110547764414,USDT
2024-04-29,0.9997126265,49733140585,110530678761,USDT
2024-04-28,0.9997317322,36114073992,110535161160,USDT
2024-04-27,0.999394474,40609767473,110493607098,USDT
2024-04-26,0.9997001239,45201516166,110383482385,USDT
2024-04-25,0.9998273368,56150133824,110445097092,USDT
2024-04-24,0.9998017939,60998445931,110419420574,USDT
2024-04-23,1.000093427,49389574681,110414385522,USDT
2024-04-22,1.000336037,52741030322,109876809892,USDT
2024-04-21,1.000212647,40914266460,109857607038,USDT
2024-04-20,1.00042892,45625971025,109759499495,USDT
2024-04-19,1.000595096,84354523666,109540756062,USDT
2024-04-18,1.000551102,63558115213,109090139733,USDT
2024-04-17,0.999994369,71118551643,108733311238,USDT
2024-04-16,1.00039325,77388159492,108151712779,USDT
2025-04-14,0.9997508857,11279262236,60189060931,USDC
2025-04-13,0.999905197,8398473378,60054612706,USDC
2025-04-12,0.9999933302,7676882234,60080217934,USDC
2025-04-11,0.9999671657,11171173047,60076087407,USDC
2025-04-10,0.9999474065,12968188424,59912761288,USDC
2025-04-09,0.9999286642,22801529129,59940890042,USDC
2025-04-08,0.9998389559,15359090304,60137296040,USDC
2025-04-07,1.000240819,25379799007,60262622185,USDC
2025-04-06,0.9999427775,11438674601,60336255574,USDC
2025-04-05,0.9999930094,4505740439,60532831295,USDC
2025-04-04,0.9999219637,14661520062,60570560554,USDC
2025-04-03,0.999940534,12665493909,60867477943,USDC
2025-04-02,1.000001291,15685504944,60648969145,USDC
2025-04-01,1.000037411,8951500963,60120543369,USDC
2025-03-31,0.999886425,10972505506,60070916213,USDC
2025-03-30,1.00005994,5545589305,60190955381,USDC
2025-03-29,0.9999168798,6452445830,60243858828,USDC
2025-03-28,1.000021124,11720323398,60254162144,USDC
2025-03-27,0.9999328786,9335553639,60342859439,USDC
2025-03-26,0.9998946297,8964829253,60168404854,USDC
2025-03-25,0.9999927318,9053718025,60125703586,USDC
2025-03-24,1.000106946,10763138743,59710286018,USDC
2025-03-23,1.000027286,4334955293,59710105775,USDC
2025-03-22,1.000021147,3687086901,59616902586,USDC
2025-03-21,1.00004025,8056596360,59671423093,USDC
2025-03-20,0.9998723207,10484925681,59323579774,USDC
2025-03-19,1.000088411,11517621398,59173010895,USDC
2025-03-18,0.9999134082,7571744811,58822779690,USDC
2025-03-17,1.000043699,7364251292,58807109944,USDC
2025-03-16,1.000118411,5342376239,58722467614,USDC
2025-03-15,0.9999710293,4232926386,58770355045,USDC
2025-03-14,0.9999988738,8847938133,58688699142,USDC
2025-03-13,0.9999979097,11856838776,58329747041,USDC
2025-03-12,0.9997671158,11962339616,58263621579,USDC
2025-03-11,0.9999324318,14833420303,58115446944,USDC
2025-03-10,1.000042597,17810860152,57879658216,USDC
2025-03-09,0.9998533854,6144542711,58115071283,USDC
2025-03-08,0.9999279747,4127743059,58117403003,USDC
2025-03-07,0.9998267452,12032728232,58138297163,USDC
2025-03-06,1.00010334,9861139718,57276831163,USDC
2025-03-05,0.9999965841,9271446360,56989879185,USDC
2025-03-04,0.9998530281,14008589283,56441380844,USDC
2025-03-03,0.9998659644,13808944206,56199270673,USDC
2025-03-02,1.000027599,13210357333,56371530465,USDC
2025-03-01,0.9997811345,5501083056,56351148895,USDC
2025-02-28,0.9998782029,14081466100,56375761534,USDC
2025-02-27,0.9998184832,9719464108,55579852821,USDC
2025-02-26,0.9999149773,11546719465,56039702055,USDC
2025-02-25,0.9999932314,16057418626,56221669257,USDC
2025-02-24,0.9998038427,10369215725,56614827530,USDC
2025-02-23,1.000043714,5105617640,57173757220,USDC
2025-02-22,1.000133498,5462121672,57096992297,USDC
2025-02-21,1.000116858,10738574137,57213777139,USDC
2025-02-20,0.9999821722,7453422390,56216500170,USDC
2025-02-19,0.9999345378,6140029876,56249027527,USDC
2025-02-18,0.9998214275,8525503716,56211667885,USDC
2025-02-17,0.9999588877,6994398261,56473957355,USDC
2025-02-16,0.9999469441,4310300996,56457482086,USDC
2025-02-15,0.9999628428,4631171038,56371139417,USDC
2025-02-14,0.9999298366,8868475735,56353208182,USDC
2025-02-13,1.000029677,7971520510,56104555414,USDC
2025-02-12,1.000039865,9290154331,56084769945,USDC
2025-02-11,0.9999459985,7590822419,56068208925,USDC
2025-02-10,0.9999390494,7290485956,56245323271,USDC
2025-02-09,1.000026749,5561659216,56199285137,USDC
2025-02-08,1.000089106,4752901210,56055359301,USDC
2025-02-07,1.000107139,9658671792,56258886632,USDC
2025-02-06,1.00005703,9168007548,55747457547,USDC
2025-02-05,1.000059509,9168611887,55319134017,USDC
2025-02-04,0.999902482,13781033980,55027343950,USDC
2025-02-03,0.9999404591,25631139115,54450664045,USDC
2025-02-02,0.9999416003,11920276473,53401954902,USDC
2025-02-01,1.000027071,6185622117,53326803208,USDC
2025-01-31,1.000129811,8846936448,53323128392,USDC
2025-01-30,1.000001077,7862432550,53110185150,USDC
2025-01-29,1.000047595,8752826477,52551166575,USDC
2025-01-28,1.000179314,8727690529,52515804563,USDC
2025-01-27,1.000066514,14155994278,52310047579,USDC
2025-01-26,0.9999810953,6265241677,52200924518,USDC
2025-01-25,0.9999892533,6639518364,52182762560,USDC
2025-01-24,0.9999186242,10239429179,52193907187,USDC
2025-01-23,0.9999649785,21214955925,51934215246,USDC
2025-01-22,0.9999739435,10044372261,51527267750,USDC
2025-01-21,0.9998759182,14830922157,50909518412,USDC
2025-01-20,1.000107404,26853357037,48111643358,USDC
2025-01-19,1.000519213,25940426522,48057169960,USDC
2025-01-18,1.000033126,20031244124,47468285067,USDC
2025-01-17,0.9999291988,9993616896,47410044668,USDC
2025-01-16,1.000009781,8642062676,46483655999,USDC
2025-01-15,0.9998901719,8920524801,46227103384,USDC
2025-01-14,1.000133253,6762370105,45701096575,USDC
2025-01-13,0.9999636547,9931508302,45655058930,USDC
2025-01-12,0.9999673667,3330316049,45747627405,USDC
2025-01-11,0.9999520441,3760069434,45736600164,USDC
2025-01-10,1.000076182,7843222136,45714582988,USDC
2025-01-09,1.00001831,8459464210,45411563162,USDC
2025-01-08,0.9999841899,9359722628,45343170001,USDC
2025-01-07,1.000109326,9456450545,45504272383,USDC
2025-01-06,0.9999656576,7731799916,45890637925,USDC
2025-01-05,1.000062251,3837973655,45614128885,USDC
2025-01-04,1.000208713,4779945985,45554906948,USDC
2025-01-03,0.9998905305,7108083150,45336918864,USDC
2025-01-02,1.000038306,7015734565,44404717316,USDC
2025-01-01,0.9999450839,4814331123,43764778311,USDC
2024-12-31,0.9999822075,6536628101,43893856713,USDC
2024-12-30,0.9998783203,8198256021,43786146843,USDC
2024-12-29,0.999976314,4676908159,43619921670,USDC
2024-12-28,1.000040605,4275867712,43599406687,USDC
2024-12-27,1.000050473,7058593949,43552290733,USDC
2024-12-26,0.9998893529,6293907750,43504746979,USDC
2024-12-25,1.000007308,4968406014,43160386426,USDC
2024-12-24,1.000006798,7328436637,43164368021,USDC
2024-12-23,1.000017463,9456995473,43099030435,USDC
2024-12-22,1.000005391,6004278873,42999419852,USDC
2024-12-21,1.000001914,7762954179,42948135797,USDC
2024-12-20,1.000036271,14518266682,42744145931,USDC
2024-12-19,1.000125085,13783077258,42380211387,USDC
2024-12-18,1.000006864,13913234580,42374553183,USDC
2024-12-17,0.9999197482,11318307939,42550118830,USDC
2024-12-16,0.9997760126,12630474818,42345742915,USDC
2024-12-15,0.9997290851,7231351889,42113984557,USDC
2024-12-14,0.9997208636,6251462807,41986788956,USDC
2024-12-13,0.9998874991,9114211832,41973037166,USDC
2024-12-12,0.9999146497,12062083208,41502581919,USDC
2024-12-11,0.9997627948,11895234521,41544877151,USDC
2024-12-10,1.000009131,16205054595,40853625594,USDC
2024-12-09,0.9999596699,17356499121,40657309894,USDC
2024-12-08,1.000133914,6377521647,41034381574,USDC
2024-12-07,0.9999593302,6778500949,41228197238,USDC
2024-12-06,0.9998431706,14138620427,41234885531,USDC
2024-12-05,1.000240058,21397586720,40303659992,USDC
2024-12-04,0.9998703413,14566231354,40585591637,USDC
2024-12-03,1.000259434,12588468097,40073741442,USDC
2024-12-02,0.9999560848,13993252120,39879382336,USDC
2024-12-01,0.9999920543,7199615705,40009216437,USDC
2024-11-30,1.000058101,6674129328,39913045885,USDC
2024-11-29,0.999869108,9445741613,39798395901,USDC
2024-11-28,1.000030717,8182163025,39404920604,USDC
2024-11-27,0.9999699986,11875242690,39497531837,USDC
2024-11-26,1.000091629,13492395639,38629008340,USDC
2024-11-25,0.9999849835,13994888761,38709270109,USDC
2024-11-24,0.9998115177,8372990053,38957891905,USDC
2024-11-23,0.9999547822,9667189128,39003393284,USDC
2024-11-22,1.000024511,12996186019,38837161105,USDC
2024-11-21,0.9999469669,14804992372,38182386543,USDC
2024-11-20,0.9998986387,11034592309,37891805880,USDC
2024-11-19,1.000033704,10786686009,37366442534,USDC
2024-11-18,0.9999693318,11308072958,37443449098,USDC
2024-11-17,1.000044343,8340439536,37125236748,USDC
2024-11-16,0.9997378918,6860911415,37122686957,USDC
2024-11-15,0.9998283393,11937522034,36771550314,USDC
2024-11-14,0.9999292886,14655228620,36763370200,USDC
2024-11-13,1.000042909,19408804164,36686881292,USDC
2024-11-12,1.000061471,19965628237,36543848255,USDC
2024-11-11,0.9997779204,17333067299,36939130636,USDC
2024-11-10,0.9999939774,12234527657,36997754293,USDC
2024-11-09,0.9999182097,5656279369,37050115355,USDC
2024-11-08,0.9996537688,9887580646,37179447039,USDC
2024-11-07,0.9999759378,11496612662,36873610389,USDC
2024-11-06,0.9999771376,18761282529,36809790893,USDC
2024-11-05,1.000037303,7134708417,35533345943,USDC
2024-11-04,1.00018194,7276116614,35082805082,USDC
2024-11-03,0.9999055181,5813342971,34894272759,USDC
2024-11-02,0.9999739425,3452412889,34872529332,USDC
2024-11-01,0.999848081,9015564727,34866240688,USDC
2024-10-31,1.000011782,8076588759,34771275132,USDC
2024-10-30,0.9998323457,7228206285,35048719370,USDC
2024-10-29,0.999934322,9596165797,34858101581,USDC
2024-10-28,0.999855051,7852957302,34720167435,USDC
2024-10-27,0.9999573173,3435115036,34670492182,USDC
2024-10-26,0.9998294912,4501871708,34672342723,USDC
2024-10-25,0.9998230262,10349261606,34672547241,USDC
2024-10-24,1.000002342,6751752975,34461982972,USDC
2024-10-23,0.9999881759,7180272273,34362373870,USDC
2024-10-22,0.9998501326,6299084767,34581388384,USDC
2024-10-21,0.9999089708,6942827868,34700838142,USDC
2024-10-20,0.9999072968,3407729614,35000529886,USDC
2024-10-19,0.9999759149,2433012234,34985105248,USDC
2024-10-18,0.9999196114,6032177392,34963291660,USDC
2024-10-17,0.9998647884,5414632057,34779230796,USDC
2024-10-16,0.9998449261,6696380074,34841765640,USDC
2024-10-15,0.9999091945,8158392140,34904471087,USDC
2024-10-14,0.9997679777,7287349529,34873917511,USDC
2024-10-13,0.9998000183,2864489654,35019996124,USDC
2024-10-12,0.999925053,2688400173,35043099700,USDC
2024-10-11,0.9998785377,5062260065,34978336002,USDC
2024-10-10,1.000005116,5487546707,34727343364,USDC
2024-10-09,0.9998403549,5488861733,34775274526,USDC
2024-10-08,0.9999277843,6015193014,35055363119,USDC
2024-10-07,1.00011455,6657443142,35335012726,USDC
2024-10-06,0.9999388067,2566380267,35576366234,USDC
2024-10-05,0.9999845341,2483346552,35567126463,USDC
2024-10-04,1.000088707,6045872517,35519773385,USDC
2024-10-03,1.000053742,6648292023,35557853250,USDC
2024-10-02,0.9999686424,6994868258,35556092933,USDC
2024-10-01,0.9999583834,10848900888,35522313480,USDC
2024-09-30,0.9999452548,6665769413,35552818507,USDC
2024-09-29,0.9998990875,3054087540,36240860154,USDC
2024-09-28,0.9999665542,2872721698,36274507077,USDC
2024-09-27,0.9999305316,5842305183,36284126728,USDC
2024-09-26,1.000094556,6835010999,36302131115,USDC
2024-09-25,0.999988359,5027597589,36087354032,USDC
2024-09-24,0.999927369,6354408025,35997542347,USDC
2024-09-23,1.000045221,6075070143,35870492117,USDC
2024-09-22,1.000020074,3722435881,35933879379,USDC
2024-09-21,1.000151424,2570745139,35867727597,USDC
2024-09-20,1.000014995,6050168399,35794502073,USDC
2024-09-19,0.9999452165,7071100441,35619383352,USDC
2024-09-18,0.9998099633,6960600328,35512106025,USDC
2024-09-17,0.9998470936,6832779460,35608017332,USDC
2024-09-16,0.9999421187,6009825679,35469454131,USDC
2024-09-15,1.000050386,3316385139,35722812130,USDC
2024-09-14,0.9998924732,3141619292,35748436148,USDC
2024-09-13,1.000170517,5979995702,35771339915,USDC
2024-09-12,1.000013299,5583428255,35409914456,USDC
2024-09-11,0.9999561367,6194531532,35372208037,USDC
2024-09-10,0.9999069678,4970979431,35337467139,USDC
2024-09-09,0.9999124297,6525561297,35147751483,USDC
2024-09-08,0.9999119026,3426790820,35012771109,USDC
2024-09-07,0.9999681637,3252565092,34956617413,USDC
2024-09-06,1.000055781,10002129981,34857225240,USDC
2024-09-05,1.000041894,5761221107,34921370707,USDC
2024-09-04,1.000014816,6477656833,34923024145,USDC
2024-09-03,0.9999978391,4872467519,34653688063,USDC
2024-09-02,0.9999326265,4433901472,34783785342,USDC
2024-09-01,0.9999925326,3944521735,34742514869,USDC
2024-08-31,0.9999719405,1982580539,34722248475,USDC
2024-08-30,0.9999716187,6018973038,34743364135,USDC
2024-08-29,0.9999629853,6251270493,34649904697,USDC
2024-08-28,0.9999187492,7652368988,34480918721,USDC
2024-08-27,1.000026806,6943030162,34331919502,USDC
2024-08-26,0.999918759,5394349814,34566868583,USDC
2024-08-25,1.000036719,3777049671,34806769558,USDC
2024-08-24,0.9999472373,4057904148,34855095125,USDC
2024-08-23,0.9999995349,8562443281,34847290759,USDC
2024-08-22,0.9999807256,4782782342,34711612209,USDC
2024-08-21,1.000017554,5665095199,34827070462,USDC
2024-08-20,0.9999575318,5325316305,34783602856,USDC
2024-08-19,1.000166794,4852810943,34926759734,USDC
2024-08-18,1.000476833,3106041184,34824841549,USDC
2024-08-17,1.000002038,2312459420,34832565536,USDC
2024-08-16,0.9999629038,5554835179,34832561901,USDC
2024-08-15,1.000093303,7187161595,34570568861,USDC
2024-08-14,0.9999812123,6330884911,34479752902,USDC
2024-08-13,0.99989811,5704692463,34490838602,USDC
2024-08-12,0.9999213974,7736713766,34497285388,USDC
2024-08-11,0.9998440008,4241023138,34456032565,USDC
2024-08-10,0.9999585613,2840668190,34462261317,USDC
2024-08-09,1.000172184,6203173859,34486372183,USDC
2024-08-08,0.9999264323,8609634275,34545550484,USDC
2024-08-07,1.000051755,9172640907,34508743387,USDC
2024-08-06,1.000157173,10057433619,34241608205,USDC
2024-08-05,1.000016576,24826261611,33711723691,USDC
2024-08-04,0.9999711301,6455293009,33271648952,USDC
2024-08-03,1.000056972,5917141670,33128442511,USDC
2024-08-02,0.9998842608,8383547954,33004143201,USDC
2024-08-01,1.000003834,7390211553,32961318065,USDC
2024-07-31,1.000035725,5968875897,33353986831,USDC
2024-07-30,1.000001569,5332646102,33463345382,USDC
2024-07-29,0.9999644993,6797227757,33776561879,USDC
2024-07-28,0.9999063794,3031560130,34148900491,USDC
2024-07-27,1.000054837,5532713251,34157184979,USDC
2024-07-26,1.00017927,5793637323,34131195324,USDC
2024-07-25,1.000013824,7654250854,33802738509,USDC
2024-07-24,0.999865522,5549791333,34047159029,USDC
2024-07-23,0.9999515573,8082893148,34161330968,USDC
2024-07-22,1.000027882,5765488048,33997222238,USDC
2024-07-21,1.00002529,5265680633,34004085776,USDC
2024-07-20,1.000051959,3884141780,34120431786,USDC
2024-07-19,0.9999960498,7526347950,33970314568,USDC
2024-07-18,0.9999390191,5968408600,33717318945,USDC
2024-07-17,1.000084599,6728358080,33787173932,USDC
2024-07-16,1.000140849,7796844852,33959490389,USDC
2024-07-15,1.000065427,7433084707,33935716597,USDC
2024-07-14,0.9999440089,4256989618,33946413696,USDC
2024-07-13,1.00011544,3212398138,33940485863,USDC
2024-07-12,0.9999971893,5327947652,33862806289,USDC
2024-07-11,0.9999941178,6096076403,33929137671,USDC
2024-07-10,0.9999389408,5380030813,34119688373,USDC
2024-07-09,0.9999724738,5416525622,33980426210,USDC
2024-07-08,0.9999234801,8124831163,33947540461,USDC
2024-07-07,0.9999017341,3667249702,33733965979,USDC
2024-07-06,0.9999364018,3574500456,33719491517,USDC
2024-07-05,1.000007661,10285011034,33598897025,USDC
2024-07-04,0.9999261377,7220316786,32913650569,USDC
2024-07-03,0.9999035412,5941703427,32774372216,USDC
2024-07-02,0.9998804973,4088170748,32570064785,USDC
2024-07-01,0.9999450409,4714986074,32538317664,USDC
2024-06-30,0.9999329053,3501717888,32254812372,USDC
2024-06-29,0.999815547,2662005047,32275408222,USDC
2024-06-28,1.000036785,5731112290,32337256882,USDC
2024-06-27,0.99980703,5254114011,32644042127,USDC
2024-06-26,0.9998228495,4964437157,32970644876,USDC
2024-06-25,1.000017101,5991607536,32823694835,USDC
2024-06-24,1.000051524,8141512257,32560362293,USDC
2024-06-23,0.9999482128,2542629622,32708576332,USDC
2024-06-22,1.000001781,2459845315,32750154591,USDC
2024-06-21,1.000033929,5778982985,32723652290,USDC
2024-06-20,1.000048086,5213531694,32657733578,USDC
2024-06-19,1.00010044,4457463559,32821726089,USDC
2024-06-18,1.000028912,7136467512,32810640592,USDC
2024-06-17,1.000058985,5844947783,32489338477,USDC
2024-06-16,0.9999700039,2632098818,32512888197,USDC
2024-06-15,1.000082007,2755427647,32446061818,USDC
2024-06-14,0.9999264637,6091367068,32396038163,USDC
2024-06-13,0.9999841292,5971089832,32527150782,USDC
2024-06-12,0.9999737075,6871867010,32374242031,USDC
2024-06-11,1.000081999,6723356948,32134661680,USDC
2024-06-10,0.9999349635,4910419104,32109033320,USDC
2024-06-09,0.9999518821,2509473567,32212914443,USDC
2024-06-08,1.000015561,3059267864,32185405326,USDC
2024-06-07,1.000092559,7530255040,32281427193,USDC
2024-06-06,0.9998240494,5526353581,32545239968,USDC
2024-06-05,1.000032328,6274992543,32554298741,USDC
2024-06-04,1.00011607,6054685985,32374187233,USDC
2024-06-03,0.9999638813,5759511394,32338899738,USDC
2024-06-02,0.9999087583,3180459748,32360543488,USDC
2024-06-01,1.000030691,2558109472,32371283336,USDC
2024-05-31,1.000089538,6257893920,32331016581,USDC
2024-05-30,0.9999911147,6596463941,32371510245,USDC
2024-05-29,1.000047651,6200045453,32207836628,USDC
2024-05-28,0.9999975183,7130885149,32339842615,USDC
2024-05-27,1.000032612,5846002184,32561595261,USDC
2024-05-26,0.999953305,4006530902,32642522111,USDC
2024-05-25,0.9999142079,2916318920,32722480969,USDC
2024-05-24,1.00007983,6974788144,32761261323,USDC
2024-05-23,1.000082268,10711191548,32751763048,USDC
2024-05-22,0.9998613185,7995414894,33106047537,USDC
2024-05-21,1.000038813,10821965697,33098670255,USDC
2024-05-20,0.9999025206,9745625023,33345294903,USDC
2024-05-19,0.9999527493,3531934053,33497672912,USDC
2024-05-18,1.000082279,3748984171,33475897742,USDC
2024-05-17,1.0000178,6590780561,33436791997,USDC
2024-05-16,0.9999712857,6684369918,33293467008,USDC
2024-05-15,1.000127551,8085028154,33240776232,USDC
2024-05-14,1.000104226,5790525927,32885692648,USDC
2024-05-13,1.000022721,5504768753,33079484968,USDC
2024-05-12,1.000026782,2560805182,33129958998,USDC
2024-05-11,0.9999649846,3228859416,33125842112,USDC
2024-05-10,1.000102219,5916392041,33111872883,USDC
2024-05-09,1.000067552,5118793775,33075967093,USDC
2024-05-08,0.9999106883,5502550653,33084070430,USDC
2024-05-07,0.9998499447,5575954842,33284681978,USDC
2024-05-06,1.000017901,6005322108,33243428775,USDC
2024-05-05,1.000225724,4318363603,33618199268,USDC
2024-05-04,1.000092316,5593446561,33568625551,USDC
2024-05-03,1.00017113,7138386537,33410006808,USDC
2024-05-02,1.0001017,7331043686,33167200644,USDC
2024-05-01,0.9999663263,9451759014,32995543713,USDC
2024-04-30,0.9999357372,8551034898,33206036196,USDC
2024-04-29,1.000010623,6353850718,33327731767,USDC
2024-04-28,1.000063717,4003587751,33500399323,USDC
2024-04-27,1.000033833,4837869303,33486451872,USDC
2024-04-26,1.00007618,6238863810,33389487896,USDC
2024-04-25,1.000001078,7296808841,33354452182,USDC
2024-04-24,1.000452201,7285867078,33417981493,USDC
2024-04-23,0.9999980237,5682840288,33636596714,USDC
2024-04-22,1.000050379,7099413055,33797045596,USDC
2024-04-21,1.000006545,4622993536,33943490879,USDC
2024-04-20,1.000059448,5172051416,33956406955,USDC
2024-04-19,1.000090191,11026707590,33903114125,USDC
2024-04-18,1.000162226,8537096534,33091006375,USDC
2024-04-17,1.000003364,8797320706,32578893522,USDC
2024-04-16,1.000000696,9306979016,32602852372,USDC
2025-04-14,0.9999074611,917634135.7,5364886196,DAI
2025-04-13,0.9999078745,906552899.8,5364888414,DAI
2025-04-12,1.000218762,1949145607,5366556442,DAI
2025-04-11,0.9999138487,2674714765,5364920468,DAI
2025-04-10,0.9997041295,2703739633,5363795244,DAI
2025-04-09,1.000096258,2329322402,5365988753,DAI
2025-04-08,1.000030046,2421758350,5365543908,DAI
2025-04-07,0.9999711691,2608403464,5365240959,DAI
2025-04-06,1.000060448,167536180.1,5365707028,DAI
2025-04-05,1.0000679,49630632.52,5365747009,DAI
2025-04-04,1.000012299,94157151.26,5365417575,DAI
2025-04-03,0.9999832776,119176858.5,5365292981,DAI
2025-04-02,0.9997385235,126789276.4,5363984740,DAI
2025-04-01,1.000064173,107133929.1,5365727014,DAI
2025-03-31,0.9998945069,129665779.8,5364830291,DAI
2025-03-30,0.9999565277,90889485.01,5365147454,DAI
2025-03-29,1.00002559,101594921.9,5365520002,DAI
2025-03-28,0.999953726,140201359.9,5365134425,DAI
2025-03-27,0.9999031904,130896071.5,5364880670,DAI
2025-03-26,0.999987272,128104600,5365314412,DAI
2025-03-25,1.000085694,96704427.99,5365842485,DAI
2025-03-24,1.000106639,147714803.3,5366000868,DAI
2025-03-23,1.00028369,123592263.6,5366915999,DAI
2025-03-22,1.000151661,132704425.5,5366196424,DAI
2025-03-21,0.9999766888,101504529.8,5365250324,DAI
2025-03-20,1.000105781,179914361.1,5365764784,DAI
2025-03-19,1.000208251,153320407.5,5366508232,DAI
2025-03-18,1.00002629,137300489.8,5365523760,DAI
2025-03-17,1.000031053,114894218,5365549312,DAI
2025-03-16,1.000129259,107872775,5366113332,DAI
2025-03-15,1.000042752,97002102.95,5365600956,DAI
2025-03-14,1.000022378,85656708.57,5365495165,DAI
2025-03-13,1.000016546,108848472.4,5365471480,DAI
2025-03-12,0.9999687137,110290525.5,5365220375,DAI
2025-03-11,0.9999638252,129942054,5365188611,DAI
2025-03-10,1.000006307,195263151.9,5365416541,DAI
2025-03-09,0.9998566886,103327868.2,5364613782,DAI
2025-03-08,1.000038368,72594323.76,5365588093,DAI
2025-03-07,1.000097151,143423808.7,5365903955,DAI
2025-03-06,1.000037891,99615837.75,5365586001,DAI
2025-03-05,1.000103519,108505195.2,5365938123,DAI
2025-03-04,0.999895817,144738452.6,5364789509,DAI
2025-03-03,1.000029841,191778456.5,5365518547,DAI
2025-03-02,1.000106615,215560593.8,5365962927,DAI
2025-03-01,0.9999222501,135498158.3,5364965545,DAI
2025-02-28,0.9998417852,278565074.5,5364535442,DAI
2025-02-27,0.9999818644,202243110.2,5365285398,DAI
2025-02-26,0.9997434431,241557712.8,5364006177,DAI
2025-02-25,0.999612061,344276475.4,5363301261,DAI
2025-02-24,0.999964841,383871923.8,5365194061,DAI
2025-02-23,0.9998899586,254328921.7,5364792289,DAI
2025-02-22,1.000234636,135991073.3,5366641615,DAI
2025-02-21,1.000010757,286909993,5365440416,DAI
2025-02-20,0.9999038199,228157187,5364837112,DAI
2025-02-19,1.000031173,154452585.7,5365549956,DAI
2025-02-18,0.9997914897,252649516.5,5364263965,DAI
2025-02-17,1.000010911,191908088.9,5365438164,DAI
2025-02-16,1.000160985,179240017.8,5366246449,DAI
2025-02-15,1.000052965,185001604.9,5365666881,DAI
2025-02-14,0.9998325002,225998402.9,5364484002,DAI
2025-02-13,1.000233885,229378400.7,5366637587,DAI
2025-02-12,0.9999249337,254703110.1,5364979943,DAI
2025-02-11,0.9999023355,215004082.1,5364922577,DAI
2025-02-10,1.000044899,201771309.8,5365623602,DAI
2025-02-09,1.000160759,151379837.3,5366245235,DAI
2025-02-08,1.000226585,208617827.7,5366582974,DAI
2025-02-07,1.000044312,236660496.5,5365620455,DAI
2025-02-06,1.000025865,244345136.4,5365521476,DAI
2025-02-05,0.9998797447,256658722.6,5364737487,DAI
2025-02-04,0.999772069,363462036,5364060000,DAI
2025-02-03,0.9999363722,580415588.8,5365034437,DAI
2025-02-02,0.9997579149,244026430.4,5364083824,DAI
2025-02-01,0.9998826607,162806154.3,5364745125,DAI
2025-01-31,1.00006455,184116121,5365729037,DAI
2025-01-30,1.000057127,183415278.8,5365689208,DAI
2025-01-29,1.000064217,185046319.4,5365727253,DAI
2025-01-28,0.9999023436,227533547.4,5364889176,DAI
2025-01-27,1.000247393,282685341.5,5366710060,DAI
2025-01-26,1.00003517,175238404.2,5365571404,DAI
2025-01-25,1.000209309,165611456.9,5366528782,DAI
2025-01-24,0.9999111184,244286363.8,5364905819,DAI
2025-01-23,0.9999329339,406869173.7,5364829495,DAI
2025-01-22,1.000280838,163113418.1,5366866520,DAI
2025-01-21,1.000062001,242991493.5,5365715362,DAI
2025-01-20,0.9999200485,197354893.7,5364933551,DAI
2025-01-19,0.9998698211,159702211.8,5364684243,DAI
2025-01-18,0.999838302,131839595.4,5364515131,DAI
2025-01-17,1.00011729,109508707.8,5366022326,DAI
2025-01-16,1.000072078,85805077.93,5365765397,DAI
2025-01-15,1.000324665,106770837.4,5367236953,DAI
2025-01-14,0.9999437734,97164840.12,5365075870,DAI
2025-01-13,1.000146095,140995236.1,5366119971,DAI
2025-01-12,1.000002551,51795443.24,5365422153,DAI
2025-01-11,1.000123738,76217572.25,5366046603,DAI
2025-01-10,1.000170672,101239486.9,5366298424,DAI
2025-01-09,1.000139492,121207434.6,5366088510,DAI
2025-01-08,0.9999566022,97127251.96,5365074413,DAI
2025-01-07,1.000026026,125436329.2,5365522341,DAI
2025-01-06,1.00026613,122104565.6,5366839545,DAI
2025-01-05,1.000024029,82904806.07,5365511628,DAI
2025-01-04,1.000302343,97376055.23,5367004888,DAI
2025-01-03,1.000176773,123800424.9,5366331156,DAI
2025-01-02,0.999888841,128561421.9,5364788997,DAI
2025-01-01,0.9997927308,135438825.1,5364270624,DAI
2024-12-31,0.9996858548,107701051.9,5363697193,DAI
2024-12-30,0.9997895328,184329355.5,5364246014,DAI
2024-12-29,0.9999917719,126412269.7,5365338556,DAI
2024-12-28,0.9998602767,117758070.1,5364595253,DAI
2024-12-27,0.9996181867,113117228.3,5363334128,DAI
2024-12-26,0.9997643833,128937558.1,5364102581,DAI
2024-12-25,1.00010756,115355291.3,5365955837,DAI
2024-12-24,1.000147624,144803652.6,5366173553,DAI
2024-12-23,0.9996535085,162123396.5,5363523643,DAI
2024-12-22,0.9996518586,168777328.5,5363498144,DAI
2024-12-21,1.000129592,164004869.4,5366017856,DAI
2024-12-20,1.000035331,227766393.6,5365572267,DAI
2024-12-19,0.9999239518,198741624.4,5364974675,DAI
2024-12-18,0.9997871557,132898238.1,5364240712,DAI
2024-12-17,0.9999545348,96792930.88,5365037634,DAI
2024-12-16,1.000120844,173393002.4,5366031079,DAI
2024-12-15,0.9999313106,110328924.5,5365021823,DAI
2024-12-14,0.9999160874,105713550,5364932480,DAI
2024-12-13,1.000047809,127037578.3,5365639214,DAI
2024-12-12,0.9999851659,135758832.6,5365291033,DAI
2024-12-11,1.000061828,117411789.2,5365714435,DAI
2024-12-10,1.00004429,133467181.4,5365728083,DAI
2024-12-09,1.000272157,218537185.2,5366700530,DAI
2024-12-08,1.000071669,152252888,5365767610,DAI
2024-12-07,1.000131765,129642936.5,5366148675,DAI
2024-12-06,1.0001126,201140911.5,5365986844,DAI
2024-12-05,1.00000324,184106934.2,5365388545,DAI
2024-12-04,1.000162096,165689056.7,5366531890,DAI
2024-12-03,1.000138483,176374998.3,5366141820,DAI
2024-12-02,1.000180688,302367972.7,5366388855,DAI
2024-12-01,1.00014376,81123294.05,5366154030,DAI
2024-11-30,0.9998688995,92593752.05,5364584318,DAI
2024-11-29,0.9997410007,126597366.1,5363993073,DAI
2024-11-28,0.9998786971,127547753.2,5364745309,DAI
2024-11-27,0.9998709888,173682769,5364770586,DAI
2024-11-26,0.9998392609,238841040.2,5364510610,DAI
2024-11-25,0.9997035322,209445709.3,5363769728,DAI
2024-11-24,1.000156829,100403043,5366157993,DAI
2024-11-23,0.9996117156,152457173.8,5363299408,DAI
2024-11-22,1.000029465,147159586,5365537655,DAI
2024-11-21,1.000016886,187653111.8,5365415876,DAI
2024-11-20,0.9996574245,156238178.3,5363536484,DAI
2024-11-19,0.9999559072,147004944.7,5365151422,DAI
2024-11-18,0.9999224754,134762448.6,5364969635,DAI
2024-11-17,0.999954659,88374590.29,5365139431,DAI
2024-11-16,0.9998301587,75004422.47,5364471439,DAI
2024-11-15,0.9998193643,144862323,5364413523,DAI
2024-11-14,0.9997735974,159702853.4,5364167966,DAI
2024-11-13,0.9998713808,208356583.2,5364692611,DAI
2024-11-12,0.9997349279,261590564,5363972562,DAI
2024-11-11,0.9997796171,216404341.8,5364200264,DAI
2024-11-10,0.9998581945,130592930.1,5364441807,DAI
2024-11-09,0.9998084239,90463844.29,5364330174,DAI
2024-11-08,0.9997051771,147736611.6,5363800865,DAI
2024-11-07,0.9996552999,191840061,5363530603,DAI
2024-11-06,0.9998246468,190979952.5,5364448447,DAI
2024-11-05,0.9999800216,82896689.67,5365242013,DAI
2024-11-04,0.999971453,73620122.14,5365229537,DAI
2024-11-03,0.99998898,71998070.24,5365314785,DAI
2024-11-02,0.9999489833,43195257.75,5365108978,DAI
2024-11-01,0.9997487615,91694722.56,5364034712,DAI
2024-10-31,0.9997620849,119321107.9,5364124898,DAI
2024-10-30,0.9998163881,82432644.91,5364411312,DAI
2024-10-29,0.9999420722,115431469,5365108039,DAI
2024-10-28,0.9998765047,87891030.06,5364720103,DAI
2024-10-27,0.9997929844,44441166.58,5364271985,DAI
2024-10-26,0.9997052941,70698102.51,5363801493,DAI
2024-10-25,0.9996733576,137930118.5,5363630506,DAI
2024-10-24,0.9999288943,77306302.13,5365001194,DAI
2024-10-23,0.999949862,92809588.13,5365122897,DAI
2024-10-22,0.9997158775,77292551.52,5363858277,DAI
2024-10-21,0.9997526081,149632784.3,5364055350,DAI
2024-10-20,0.9997264762,70803888.83,5363915143,DAI
2024-10-19,0.9997859851,44236958.94,5364245315,DAI
2024-10-18,0.9998113103,77343915.26,5364370310,DAI
2024-10-17,0.9998655496,66997814.62,5364600103,DAI
2024-10-16,0.9998061031,83190689.06,5364277393,DAI
2024-10-15,0.9999963709,92579466.01,5365363231,DAI
2024-10-14,0.9998792035,98736261.35,5364739269,DAI
2024-10-13,0.9997970155,58671568.73,5364293613,DAI
2024-10-12,0.9998874113,57221721.1,5364778621,DAI
2024-10-11,0.9998663074,87026413.41,5364665391,DAI
2024-10-10,0.9998502395,115980968,5364583825,DAI
2024-10-09,0.9996184624,81913201.58,5363473833,DAI
2024-10-08,0.9998444217,107764331.5,5364537131,DAI
2024-10-07,0.9998313635,74634974.05,5364477903,DAI
2024-10-06,0.999782872,73518559.24,5364217728,DAI
2024-10-05,0.9999033551,47403442.46,5364966641,DAI
2024-10-04,0.9998728807,77678967.76,5364700659,DAI
2024-10-03,0.9998835002,121953843,5364757637,DAI
2024-10-02,0.999999237,89744440.22,5365378605,DAI
2024-10-01,1.000102552,119752012.9,5365918957,DAI
2024-09-30,0.999781416,94638706.91,5364209916,DAI
2024-09-29,0.9998793423,45367368.99,5364735328,DAI
2024-09-28,0.9998320429,62998597.93,5364481549,DAI
2024-09-27,0.9999566531,85307883.55,5365150130,DAI
2024-09-26,1.000095134,97477056.18,5365893132,DAI
2024-09-25,1.00002203,79288035.65,5365500904,DAI
2024-09-24,1.000021336,70790943.25,5365517388,DAI
2024-09-23,0.9999615568,76058543.41,5365176440,DAI
2024-09-22,1.000084156,62567912.73,5365834229,DAI
2024-09-21,1.000111027,77833061.09,5365978407,DAI
2024-09-20,1.00000765,90731777.37,5365424520,DAI
2024-09-19,1.000096346,71475232.56,5365888909,DAI
2024-09-18,1.000019655,82168721.2,5365488161,DAI
2024-09-17,0.999870618,62694220.26,5364688518,DAI
2024-09-16,0.9998666087,70211751.95,5364665968,DAI
2024-09-15,0.9997931788,39955289.93,5364273028,DAI
2024-09-14,1.000002074,40295155.19,5365393831,DAI
2024-09-13,1.000298532,52665548.61,5366955631,DAI
2024-09-12,1.000059406,51084727.89,5365701439,DAI
2024-09-11,1.000048046,134681503.3,5365640490,DAI
2024-09-10,0.9999185261,59564572.64,5364945564,DAI
2024-09-09,1.000082213,86637198.02,5365805214,DAI
2024-09-08,1.00004124,46489822.59,5365604358,DAI
2024-09-07,1.000013582,74179399.4,5365455576,DAI
2024-09-06,1.000171498,124327519.3,5366302853,DAI
2024-09-05,0.9998080047,60766086.54,5364352574,DAI
2024-09-04,0.9999483966,116164479,5365109122,DAI
2024-09-03,0.9998639082,61729964.87,5364688107,DAI
2024-09-02,0.9998788347,91107897.64,5364732604,DAI
2024-09-01,0.9998863021,89996302.53,5364778195,DAI
2024-08-31,0.9999200985,55164929.2,5364954000,DAI
2024-08-30,0.9999511797,89690313.24,5365111584,DAI
2024-08-29,0.9999917689,73932346.4,5365338540,DAI
2024-08-28,0.999854239,111472758.2,5364592702,DAI
2024-08-27,0.9999574863,111986589.2,5365154600,DAI
2024-08-26,0.9998678285,92876686.4,5364673552,DAI
2024-08-25,0.9999757699,64866792.67,5365242527,DAI
2024-08-24,0.9999683474,87802585.42,5365212874,DAI
2024-08-23,1.000043263,121020283.6,5365614826,DAI
2024-08-22,0.9999496416,94647573.88,5365112510,DAI
2024-08-21,0.9999592943,96350599.11,5365173661,DAI
2024-08-20,0.99986217,102738500.4,5364628642,DAI
2024-08-19,0.9999878045,85291700.74,5365317269,DAI
2024-08-18,0.9998537365,75437788.21,5364589581,DAI
2024-08-17,0.9999650715,75698599.28,5365195298,DAI
2024-08-16,1.000003854,97135013.5,5347909204,DAI
2024-08-15,0.9998036782,113282568.9,5346826056,DAI
2024-08-14,0.9999828854,106691137.5,5347797069,DAI
2024-08-13,0.9999478835,112812350.7,5347588010,DAI
2024-08-12,0.9999639047,107575577.7,5347695527,DAI
2024-08-11,0.9997997079,76670125.61,5346817456,DAI
2024-08-10,0.9999027997,70649569.03,5347398154,DAI
2024-08-09,1.000028998,125056490.1,5348043675,DAI
2024-08-08,0.9999321529,144299554.4,5347525757,DAI
2024-08-07,0.9997980202,170859315.9,5346820523,DAI
2024-08-06,0.999822914,215059746.3,5346941559,DAI
2024-08-05,0.999906388,623235429.4,5347387878,DAI
2024-08-04,0.9998207446,170218254.6,5346921082,DAI
2024-08-03,0.9998207518,113695905,5346929997,DAI
2024-08-02,0.9997526914,150321017.4,5346566017,DAI
2024-08-01,0.9998291915,132789359.9,5346975131,DAI
2024-07-31,0.999794195,75032903.69,5346788640,DAI
2024-07-30,0.999865285,103795846.3,5347168155,DAI
2024-07-29,0.999839908,128819528.4,5347032442,DAI
2024-07-28,0.9999411846,101482049.5,5347563345,DAI
2024-07-27,0.9998815494,130386209,5347255135,DAI
2024-07-26,0.9999678972,119472722.9,5347731369,DAI
2024-07-25,0.999798037,207653047.7,5346814962,DAI
2024-07-24,0.9999988761,163666244.4,5347882585,DAI
2024-07-23,0.999899686,183622879.1,5347349163,DAI
2024-07-22,0.9999745756,114161394.3,5347752629,DAI
2024-07-21,0.9999332257,83553701.1,5347531494,DAI
2024-07-20,0.9999426485,43604158.52,5347581886,DAI
2024-07-19,1.000141857,176984650,5348637050,DAI
2024-07-18,0.9999851494,135700453.7,5347809176,DAI
2024-07-17,0.9998744448,125978781,5347217141,DAI
2024-07-16,1.000080732,183327981,5348320344,DAI
2024-07-15,1.000083068,142181647.6,5348332834,DAI
2024-07-14,1.00003743,129943340.1,5348088766,DAI
2024-07-13,1.00002776,64219517.98,5348037052,DAI
2024-07-12,1.000246989,268273294.7,5349209465,DAI
2024-07-11,0.9999481326,184127604.5,5347611215,DAI
2024-07-10,0.9999688151,126527661.9,5347721822,DAI
2024-07-09,1.00006302,799913116.8,5348225618,DAI
2024-07-08,0.9998445577,840682154.9,5347057308,DAI
2024-07-07,0.999724807,812023081,5346416894,DAI
2024-07-06,1.000114536,806253866.1,5348501122,DAI
2024-07-05,1.000216339,1293555178,5349045554,DAI
2024-07-04,1.000061259,623111078.4,5348216201,DAI
2024-07-03,0.9999679249,491997734.2,5347717062,DAI
2024-07-02,0.9998042856,485803034.1,5346841937,DAI
2024-07-01,0.9999915309,452455363.3,5347843304,DAI
2024-06-30,0.9998188936,327921945.5,5346920059,DAI
2024-06-29,0.999780199,302092507.5,5346713124,DAI
2024-06-28,0.9998199908,404704826.7,5346925927,DAI
2024-06-27,0.9997488464,407366033.1,5346545454,DAI
2024-06-26,0.999924496,319759830.4,5347484809,DAI
2024-06-25,1.00006629,379447233.1,5348243105,DAI
2024-06-24,0.9999112015,517218303.9,5347413711,DAI
2024-06-23,0.9998994653,225594733,5347350948,DAI
2024-06-22,1.0001243,286200895.5,5348553338,DAI
2024-06-21,1.000119654,432688045.8,5348528491,DAI
2024-06-20,0.9999687509,479965468.1,5347721479,DAI
2024-06-19,1.000065807,469442545.1,5348240526,DAI
2024-06-18,0.9999454768,698180511.3,5347597012,DAI
2024-06-17,1.000001363,363090027.3,5347895886,DAI
2024-06-16,1.000027113,331790554,5348033592,DAI
2024-06-15,0.9998630931,326399199.7,5347156433,DAI
2024-06-14,0.9998556077,419647596.3,5347116402,DAI
2024-06-13,0.9998363521,295237280,5347013425,DAI
2024-06-12,1.000019115,335167826.5,5347990820,DAI
2024-06-11,1.000010664,275956280,5347945626,DAI
2024-06-10,0.9998498856,416329075.7,5347085801,DAI
2024-06-09,0.9998953109,421483511.8,5347328730,DAI
2024-06-08,0.9998685623,387763508.4,5347185681,DAI
2024-06-07,0.9999826945,303035853.5,5347796048,DAI
2024-06-06,0.9997436896,245264169.8,5346552911,DAI
2024-06-05,1.000082614,298053304.6,5348330406,DAI
2024-06-04,1.000326883,319616297.2,5349636727,DAI
2024-06-03,1.000045811,374126019.3,5348133587,DAI
2024-06-02,0.9998569309,234992599.1,5347123478,DAI
2024-06-01,0.999965169,222163762.3,5347703885,DAI
2024-05-31,0.9998748514,300234663,5347219315,DAI
2024-05-30,1.000108096,334538709.4,5348466679,DAI
2024-05-29,0.999766415,307689180.2,5346645321,DAI
2024-05-28,0.9997588181,232621321.5,5346635876,DAI
2024-05-27,0.9997898758,308103677.1,5346764875,DAI
2024-05-26,0.9998822418,186517810.2,5347258838,DAI
2024-05-25,1.000006365,263631076,5347922632,DAI
2024-05-24,0.9998672308,316190561.1,5347135734,DAI
2024-05-23,0.9998228831,423664360.7,5346937667,DAI
2024-05-22,0.999855462,407229315.9,5347115623,DAI
2024-05-21,0.9999099703,642257625.5,5347406584,DAI
2024-05-20,0.9999146389,821226565.7,5347329093,DAI
2024-05-19,0.9998862828,523149353.1,5347280449,DAI
2024-05-18,1.000027887,617527975.2,5348044357,DAI
2024-05-17,1.000054313,538183294.3,5348179056,DAI
2024-05-16,0.9999084907,483779906.7,5347399214,DAI
2024-05-15,0.9999388384,729049935.4,5347561511,DAI
2024-05-14,0.9998844767,797070857.1,5347281885,DAI
2024-05-13,0.9999959804,684188089.7,5347867099,DAI
2024-05-12,0.999808482,572981954.9,5346857434,DAI
2024-05-11,0.99991087,741923651.7,5347372624,DAI
2024-05-10,0.999902883,618043531.9,5347369225,DAI
2024-05-09,1.000063354,619673158.3,5348276213,DAI
2024-05-08,0.9998708638,711322908.3,5347197990,DAI
2024-05-07,1.000088641,593326613.8,5348362640,DAI
2024-05-06,1.000069094,677236107.9,5348259166,DAI
2024-05-05,1.000130073,565103347.7,5348583024,DAI
2024-05-04,1.000080621,646982546.1,5348319748,DAI
2024-05-03,1.000483637,701626657,5350475031,DAI
2024-05-02,1.00013974,643349405.4,5348635908,DAI
2024-05-01,0.9997548623,817654846.3,5346577476,DAI
2024-04-30,0.9998911829,668355864.7,5347235641,DAI
2024-04-29,1.000212934,658378900.9,5349027342,DAI
2024-04-28,1.000055358,639625288.9,5348184645,DAI
2024-04-27,0.999796199,547341761.3,5346798691,DAI
2024-04-26,0.9999251621,655941322,5347488371,DAI
2024-04-25,0.9999657026,520662913.6,5347706167,DAI
2024-04-24,0.9999783903,429367843.1,5347844337,DAI
2024-04-23,0.999990171,454682916.8,5347829813,DAI
2024-04-22,1.000136309,356383083.6,5348617561,DAI
2024-04-21,1.000168523,343513150.7,5348789838,DAI
2024-04-20,1.000206265,696004564.1,5348997080,DAI
2024-04-19,1.000152446,1142968784,5348711211,DAI
2024-04-18,1.000028756,287247588.6,5348042382,DAI
2024-04-17,0.9999733981,812047452.3,5347746332,DAI
2024-04-16,1.000040393,629275511.1,5348103114,DAI
2025-04-14,0.9984526888,53125400.97,494749365.4,TUSD
2025-04-13,0.9977756089,53013773.21,494413861.4,TUSD
2025-04-12,0.9982681645,50583067.49,494657930.7,TUSD
2025-04-11,0.997971604,50098673.29,494510980.2,TUSD
2025-04-10,0.9979392178,51956854.34,494494932.3,TUSD
2025-04-09,0.9986414453,54161847.94,494842897.3,TUSD
2025-04-08,0.9977889616,51914239.09,494420477.9,TUSD
2025-04-07,0.9982598695,54987300.92,494653820.4,TUSD
2025-04-06,0.9979056071,47816085.98,494478277.7,TUSD
2025-04-05,0.9986403694,46618005.6,494842364.2,TUSD
2025-04-04,0.9987043436,47476029.73,494874064.4,TUSD
2025-04-03,0.9985230811,51054618.7,494784246,TUSD
2025-04-02,0.9989775786,57759533.62,495009456.8,TUSD
2025-04-01,0.9978001912,48613250.9,494426042.4,TUSD
2025-03-31,0.997442211,47257678.45,494248657.4,TUSD
2025-03-30,0.9982741792,30680640.47,494660911,TUSD
2025-03-29,0.9986430031,31063833.74,494843669.2,TUSD
2025-03-28,0.9986350431,52957529.91,494839724.9,TUSD
2025-03-27,0.9992059215,53620735.47,495122604.3,TUSD
2025-03-26,0.9998023772,53354321.88,495418157.7,TUSD
2025-03-25,1.000380104,51129009.84,495704430.5,TUSD
2025-03-24,1.000009201,50002273,495503517.2,TUSD
2025-03-23,0.9996772523,47946231.86,495356156.3,TUSD
2025-03-22,0.9993237149,48010282.01,495180972.9,TUSD
2025-03-21,0.9990092624,50401368.17,495025156.6,TUSD
2025-03-20,0.9990587095,53972386.83,495049658.4,TUSD
2025-03-19,0.9990846429,54160764.3,495062508.9,TUSD
2025-03-18,0.9986725607,53023420.77,494858315.5,TUSD
2025-03-17,0.9988710746,59090135.17,494947959.7,TUSD
2025-03-16,0.999399466,51103875.7,495218508.7,TUSD
2025-03-15,0.9994852447,48648228.22,495266041.9,TUSD
2025-03-14,0.9992312675,58051329.98,495134608.5,TUSD
2025-03-13,0.9983585602,69831474.14,494702723.2,TUSD
2025-03-12,0.9983495021,57719708.12,494698234.8,TUSD
2025-03-11,0.99822806,56733668.45,494638058.2,TUSD
2025-03-10,0.9974134393,55597704.66,494234400.6,TUSD
2025-03-09,0.99724674,51685518.99,494151798.4,TUSD
2025-03-08,0.9972620464,51970373.14,494165619.5,TUSD
2025-03-07,0.9974834117,65825788.94,494242365.1,TUSD
2025-03-06,0.9976982242,56107195.21,494375516.1,TUSD
2025-03-05,0.9976724267,57792989.43,494362733,TUSD
2025-03-04,0.9964687138,106230788.8,493766273.9,TUSD
2025-03-03,0.9955485181,93673188.96,493310302.1,TUSD
2025-03-02,0.9973011299,254217578.3,494178749.5,TUSD
2025-03-01,0.997052422,51085829.82,494055510.7,TUSD
2025-02-28,0.9966511399,77708831.1,493856977.7,TUSD
2025-02-27,0.996353247,65448486.14,493709058.2,TUSD
2025-02-26,0.9962651853,73196426.29,493665422.3,TUSD
2025-02-25,0.9965926568,87156364.66,493827689.6,TUSD
2025-02-24,0.9969684285,55766026.5,494013890.6,TUSD
2025-02-23,0.9983311201,48979121.97,494689126.2,TUSD
2025-02-22,0.9982246265,55248054.56,494636356.9,TUSD
2025-02-21,0.9971569245,62334344.77,494107293.4,TUSD
2025-02-20,0.9981511339,60624178.46,494599940.1,TUSD
2025-02-19,0.9978709606,57024949.77,494461109.7,TUSD
2025-02-18,0.9973377634,61794883.32,494196901.9,TUSD
2025-02-17,0.9983805147,61171984.89,494713602,TUSD
2025-02-16,0.9984458581,57159645.34,494745980.7,TUSD
2025-02-15,0.9985479298,57254746.95,494796558.9,TUSD
2025-02-14,0.9985382509,60812347.68,494791762.8,TUSD
2025-02-13,0.9981691514,60896526.24,494608868.1,TUSD
2025-02-12,0.9974757443,63157002.97,494265273.7,TUSD
2025-02-11,0.9966596595,55500458.05,493860890.6,TUSD
2025-02-10,0.9972722966,65318722.56,494164462.1,TUSD
2025-02-09,0.9970359414,79374481.6,494047344.3,TUSD
2025-02-08,0.9972262798,64014506.26,494141660,TUSD
2025-02-07,0.9977161855,82379608.63,494384416.2,TUSD
2025-02-06,0.9978332886,67004876.48,494442442.7,TUSD
2025-02-05,0.9979578187,63484523.84,494504149.3,TUSD
2025-02-04,0.9977341552,65055422.29,494393320.5,TUSD
2025-02-03,0.9986239013,127801036.1,494834203.9,TUSD
2025-02-02,0.9972550664,63406635.66,494155924.3,TUSD
2025-02-01,0.9980556506,53326408.73,494552626.6,TUSD
2025-01-31,0.9983689398,54056194.37,494712417.4,TUSD
2025-01-30,0.9985278175,55610156.01,494786592.9,TUSD
2025-01-29,0.9983311006,62730073.29,494689116.5,TUSD
2025-01-28,0.9977487063,56403442.94,494400530.8,TUSD
2025-01-27,0.9987162473,70235519.2,494881174.6,TUSD
2025-01-26,0.9982336571,55137798.98,494640831.7,TUSD
2025-01-25,0.9982880162,51047535.17,494667767.5,TUSD
2025-01-24,0.9983807611,54643498.19,494713724.1,TUSD
2025-01-23,0.9985817424,70220013.4,494807422.1,TUSD
2025-01-22,0.9993043398,57426953.77,495164519,TUSD
2025-01-21,0.9992310112,107066789.4,495135036.7,TUSD
2025-01-20,0.9974824861,106845406.8,494268614.4,TUSD
2025-01-19,0.9981094993,83589103.11,494579309.5,TUSD
2025-01-18,0.99906414,63966946.71,495052349.3,TUSD
2025-01-17,1.001162108,63720996.61,496091926.1,TUSD
2025-01-16,0.9995587266,59744814.33,495297425,TUSD
2025-01-15,1.000296198,61394379.94,495681690.2,TUSD
2025-01-14,0.9996660501,54215180.91,495350605.5,TUSD
2025-01-13,1.000375047,61416716.65,495701924.6,TUSD
2025-01-12,0.9995134799,47149583.61,495275004.5,TUSD
2025-01-11,0.9999102878,42029723.61,495471629.2,TUSD
2025-01-10,1.000077571,52696842.47,495554520.7,TUSD
2025-01-09,1.000049717,55220794.83,495626192.5,TUSD
2025-01-08,1.000018046,56090747.24,495610496.2,TUSD
2025-01-07,1.000110895,65121151.13,495656512.4,TUSD
2025-01-06,1.001138471,58913509.6,496172415.7,TUSD
2025-01-05,1.000380185,47744627.81,495789972.8,TUSD
2025-01-04,1.000645149,49651675.34,495921289.5,TUSD
2025-01-03,0.9997559098,52527741.17,495480581.1,TUSD
2025-01-02,0.9993374316,56027498.81,495273182.7,TUSD
2025-01-01,0.9979273382,42661953.72,494574338.2,TUSD
2024-12-31,0.9984064005,46388631.5,494811762.3,TUSD
2024-12-30,0.9991140324,51507757.84,495162465.7,TUSD
2024-12-29,0.9991319544,47603319.56,495171347.9,TUSD
2024-12-28,0.9993797195,45420533.45,495294140.6,TUSD
2024-12-27,0.9998235662,52818284.55,495514111.7,TUSD
2024-12-26,0.9995305713,52162111.88,495368903,TUSD
2024-12-25,1.000067333,47620056.18,495634923.1,TUSD
2024-12-24,1.000438973,48885256.42,495819108.3,TUSD
2024-12-23,1.000176157,48439433.32,495688856.3,TUSD
2024-12-22,1.000596163,50315112.99,495897012.1,TUSD
2024-12-21,1.001048195,58817045.3,496121039.8,TUSD
2024-12-20,1.002031037,74166002.04,496608137.5,TUSD
2024-12-19,1.001931625,81804172.11,496558868.7,TUSD
2024-12-18,1.001560548,67787056.67,496374962.8,TUSD
2024-12-17,1.00376341,63028315.42,497468089,TUSD
2024-12-16,1.003488794,64638902.41,497330604.1,TUSD
2024-12-15,1.005398246,54384259.82,498276931.9,TUSD
2024-12-14,1.004214602,62434647.11,497690316,TUSD
2024-12-13,1.004198628,53931731.57,497682399.3,TUSD
2024-12-12,1.003440505,81794362.54,497306672.3,TUSD
2024-12-11,1.019969612,70127842.04,505498523.2,TUSD
2024-12-10,1.010178707,66449429.64,500646135.7,TUSD
2024-12-09,1.019388917,73418419.1,505210730.1,TUSD
2024-12-08,1.02693232,63801981.5,508949252.4,TUSD
2024-12-07,1.022394891,62423772.19,506700495.4,TUSD
2024-12-06,1.012649758,69381620.51,501870792.1,TUSD
2024-12-05,1.00640154,74368835.31,498774166,TUSD
2024-12-04,1.005555386,63427784.49,498354810.3,TUSD
2024-12-03,1.004532759,68596296.06,497847994.9,TUSD
2024-12-02,1.001457992,67482341.45,496324135.7,TUSD
2024-12-01,1.002495874,52003928.96,496838511.7,TUSD
2024-11-30,1.001886492,51259338.16,496536501.2,TUSD
2024-11-29,1.001480803,54407333.45,496335440.9,TUSD
2024-11-28,1.001795853,54083668.32,496491580.3,TUSD
2024-11-27,1.002957956,61357899.81,497067520,TUSD
2024-11-26,1.002411405,63215053.41,496796648.6,TUSD
2024-11-25,0.9987526164,57025315.38,494983347.4,TUSD
2024-11-24,0.999553033,50995052.38,495344685.9,TUSD
2024-11-23,0.9997194123,56072207.83,495462492.9,TUSD
2024-11-22,1.000970176,59839218.72,496082373.5,TUSD
2024-11-21,1.000629845,59672094.35,495913704.6,TUSD
2024-11-20,0.9997064244,54953044.32,495456056.1,TUSD
2024-11-19,1.000395569,57280828.51,495797597,TUSD
2024-11-18,0.9988476334,60958803.18,495030437.9,TUSD
2024-11-17,0.9981978325,57725356.52,494708395.6,TUSD
2024-11-16,0.9984544673,62142578.36,494835584.2,TUSD
2024-11-15,0.9975467741,63553572.13,494385730.1,TUSD
2024-11-14,0.9974380489,78980365.33,494331845.7,TUSD
2024-11-13,0.9958013617,89441152.48,493520701,TUSD
2024-11-12,1.000205552,78162055.85,495703424.5,TUSD
2024-11-11,0.9995120608,63436813.53,495359729.2,TUSD
2024-11-10,1.000017333,60268719.12,495610142.9,TUSD
2024-11-09,0.9983630318,46725839.07,494790268.7,TUSD
2024-11-08,0.9986045266,60062542.12,494909953.8,TUSD
2024-11-07,0.993490626,53270695.29,492375496.8,TUSD
2024-11-06,0.9942282919,60561443.78,492741085.1,TUSD
2024-11-05,0.9936764223,34333668.27,492467577.7,TUSD
2024-11-04,0.9946425923,41160014.39,492946413,TUSD
2024-11-03,0.9954367457,40687126.47,493339996.7,TUSD
2024-11-02,0.9963632121,36423135.17,493799154.9,TUSD
2024-11-01,0.9960292004,70427284.06,493633618.2,TUSD
2024-10-31,0.9918107525,38301087.12,491542948.8,TUSD
2024-10-30,0.9939760457,44686214.8,492616071.5,TUSD
2024-10-29,0.995822048,66892206.17,493530953.1,TUSD
2024-10-28,0.9959514831,59979699.81,493595101.4,TUSD
2024-10-27,0.995762042,35334160.19,493501214.1,TUSD
2024-10-26,0.9959409621,38606828.13,493589887.1,TUSD
2024-10-25,0.9951625264,40803216.78,493204093.2,TUSD
2024-10-24,0.9958003419,34373517.66,493520195.6,TUSD
2024-10-23,0.9960102524,33456080.19,493624227.5,TUSD
2024-10-22,0.9968015896,33187321.31,494016415.4,TUSD
2024-10-21,0.9971346092,33473046.53,494181460.5,TUSD
2024-10-20,0.9978922612,34606239.81,494556954,TUSD
2024-10-19,0.9976987354,31946863.22,494461042.3,TUSD
2024-10-18,0.997821341,36919405.95,494521805.8,TUSD
2024-10-17,0.997212303,37098881.03,494219965.7,TUSD
2024-10-16,0.997292969,38801036.36,494259943.9,TUSD
2024-10-15,0.9971777319,42184370.21,494202832.2,TUSD
2024-10-14,0.9973923693,38342100.98,494309206.8,TUSD
2024-10-13,0.9977847402,30820833.65,494503666.4,TUSD
2024-10-12,0.9975162612,30295225.48,494370607.8,TUSD
2024-10-11,0.9967939462,30692670.36,494012627.4,TUSD
2024-10-10,0.99611459,31790639.79,493675937.4,TUSD
2024-10-09,0.9963306448,32420520.3,493783014.5,TUSD
2024-10-08,0.9974531884,33966067.11,494339348.9,TUSD
2024-10-07,0.9971601846,37540127.34,494194135.7,TUSD
2024-10-06,0.997682224,30335126.06,494452859.2,TUSD
2024-10-05,0.9977269582,29759258.79,494475029.6,TUSD
2024-10-04,0.9979809626,32646055.44,494600914.6,TUSD
2024-10-03,0.9949673166,36981279.63,493107346.9,TUSD
2024-10-02,0.9969798557,35708663.77,494104764.4,TUSD
2024-10-01,0.9975024868,34851241.65,494363781.2,TUSD
2024-09-30,0.9979419776,34259127.89,494581593.5,TUSD
2024-09-29,0.9989180394,32428708.47,495065331.3,TUSD
2024-09-28,0.9990127768,31175741.52,495112283.3,TUSD
2024-09-27,0.9990433614,37009668.52,495127441,TUSD
2024-09-26,0.9990612423,37134644.98,495136302.8,TUSD
2024-09-25,0.9986786878,30800425.41,494946708.3,TUSD
2024-09-24,0.9992341552,30557885.19,495221998.7,TUSD
2024-09-23,0.9988249485,30550304,495019195.3,TUSD
2024-09-22,0.9993167537,30361861.34,495262934.7,TUSD
2024-09-21,0.9987769298,28203902.2,494995397.1,TUSD
2024-09-20,0.9989099966,34027711.6,495061345.3,TUSD
2024-09-19,0.9990678387,34563715.67,495139572,TUSD
2024-09-18,0.9989693265,34135065.24,495090749.2,TUSD
2024-09-17,0.9988809812,34426722.97,495046965.2,TUSD
2024-09-16,0.9984393681,44668279.99,494828101,TUSD
2024-09-15,0.9985824814,41348616.01,494899028.2,TUSD
2024-09-14,0.9988137975,29891197.8,495013668.8,TUSD
2024-09-13,0.9990781977,33127454.14,495144705.9,TUSD
2024-09-12,0.9984125653,29736595.96,494814817.5,TUSD
2024-09-11,0.9985199642,28218107.15,494868044.6,TUSD
2024-09-10,0.9985841895,27882117.6,494899874.7,TUSD
2024-09-09,0.9986949305,31492062.55,494954758.2,TUSD
2024-09-08,0.9991736735,28562191.57,495192023.9,TUSD
2024-09-07,0.9983180287,86444206.53,494767965,TUSD
2024-09-06,0.9983575547,42476755.86,494787554.2,TUSD
2024-09-05,0.9982617642,30837677.26,494740080.3,TUSD
2024-09-04,0.9985157767,31254679.23,494865969.3,TUSD
2024-09-03,0.9984859039,29416972.24,494851164.3,TUSD
2024-09-02,0.9987486951,33620721.07,494981404,TUSD
2024-09-01,0.9988690939,32172609.39,495041073.8,TUSD
2024-08-31,0.9989819266,27163781.72,495096993.9,TUSD
2024-08-30,0.999003146,39355999.62,495107510.2,TUSD
2024-08-29,0.9995110144,38448767.38,495359210.6,TUSD
2024-08-28,0.9996551411,42247453.74,495430640,TUSD
2024-08-27,0.9998271867,42477652.36,495515906.1,TUSD
2024-08-26,0.9999373037,35461472.58,495570480.2,TUSD
2024-08-25,1.000600438,33958901.53,495899130.4,TUSD
2024-08-24,1.000431181,34621169.78,495815246.8,TUSD
2024-08-23,1.001006351,40333177.21,496100301.7,TUSD
2024-08-22,0.9998462887,33015844.24,495525373.1,TUSD
2024-08-21,0.9999882173,36798527.87,495595713.1,TUSD
2024-08-20,0.9996251933,38704369.09,495415797.8,TUSD
2024-08-19,0.9993787455,31881265.38,495293657.9,TUSD
2024-08-18,0.9991841784,31708776.39,495197230.2,TUSD
2024-08-17,0.9993809002,31276654.86,495294725.8,TUSD
2024-08-16,0.9997194834,35352409.12,495462528.1,TUSD
2024-08-15,0.9991513371,36725450.3,495180954,TUSD
2024-08-14,0.9991930518,35055927.41,495201627.8,TUSD
2024-08-13,0.9997887301,35898417.97,495496846.9,TUSD
2024-08-12,0.9992472659,35055790.61,495228496.4,TUSD
2024-08-11,0.9988018159,30088346.65,495007730.7,TUSD
2024-08-10,0.9993352488,30755537.79,495272587.9,TUSD
2024-08-09,0.9997083368,34866279.43,495457003.9,TUSD
2024-08-08,0.9994265385,43964021.7,495317344.2,TUSD
2024-08-07,0.9993989213,36528579.01,511893659.2,TUSD
2024-08-06,0.9993841174,39735457.86,494896546.6,TUSD
2024-08-05,0.9993965564,128357306,494902706.4,TUSD
2024-08-04,0.9984842278,37081747.82,494450919.9,TUSD
2024-08-03,0.9987836735,38092408.66,494599205.9,TUSD
2024-08-02,0.9984646927,42017513.75,494441246.1,TUSD
2024-08-01,0.9987029006,42134673.16,494559207,TUSD
2024-07-31,0.9993437872,37155512.55,494876575,TUSD
2024-07-30,0.9997913411,36616255.34,495098204.4,TUSD
2024-07-29,0.9999596474,46773107.81,495181550,TUSD
2024-07-28,1.000071673,35163702.11,495237025.2,TUSD
2024-07-27,1.000222178,54080950.41,495311555.4,TUSD
2024-07-26,1.000563781,41144010.88,495480717.9,TUSD
2024-07-25,1.00023263,45450297.78,495316731.3,TUSD
2024-07-24,1.000638853,56793088.14,495517893.6,TUSD
2024-07-23,0.9991948388,57361899.55,494810954.7,TUSD
2024-07-22,1.000910283,47343319.23,495652306.3,TUSD
2024-07-21,1.000906842,47967082.61,495650602,TUSD
2024-07-20,1.000420521,38772405.62,495411016.7,TUSD
2024-07-19,1.001223923,55533817.96,495807621.2,TUSD
2024-07-18,0.9995268999,55945005.32,494967252.7,TUSD
2024-07-17,0.9989287977,57135500.26,494671071.6,TUSD
2024-07-16,0.9993553988,70464243.49,494882325.1,TUSD
2024-07-15,1.000016913,68339099.01,495209907.8,TUSD
2024-07-14,0.9988552118,48684522.02,494634631.8,TUSD
2024-07-13,0.9990897408,40744355.37,494750770.9,TUSD
2024-07-12,0.9987142153,45793121.67,494564810.1,TUSD
2024-07-11,0.9985351384,43373073.67,494476130.9,TUSD
2024-07-10,0.998945712,42062067.69,494679439.6,TUSD
2024-07-09,0.9991373172,42599346.35,494774322.8,TUSD
2024-07-08,0.9991604949,61917668.12,514768994.3,TUSD
2024-07-07,0.9986467527,40054300.69,494531378.5,TUSD
2024-07-06,0.9999944183,35063280.88,495198744.5,TUSD
2024-07-05,0.9993332014,68111619.1,494871309,TUSD
2024-07-04,0.9992201235,46880343.7,504807505.9,TUSD
2024-07-03,0.9971340613,37863300.66,513724956.7,TUSD
2024-07-02,0.9970739654,35327657.97,493752507.9,TUSD
2024-07-01,0.9980210548,38249405.49,494720517.8,TUSD
2024-06-30,0.9977456394,34547733.93,494583993.9,TUSD
2024-06-29,0.9976151549,31836506.68,494519312.6,TUSD
2024-06-28,0.9970063533,36728463.07,494217528.7,TUSD
2024-06-27,0.9971398447,40705051.2,494283700.6,TUSD
2024-06-26,0.9975372274,35000307.59,494480683.8,TUSD
2024-06-25,0.9981661688,37780775.6,494792451,TUSD
2024-06-24,0.9982227365,50308923.2,494820491.7,TUSD
2024-06-23,0.997195355,30132444.68,494311217.1,TUSD
2024-06-22,0.9977273967,31305015.65,494574951,TUSD
2024-06-21,0.9981636907,40814163.37,494791222.6,TUSD
2024-06-20,0.997470667,48170405.3,494447689.7,TUSD
2024-06-19,0.9957387202,38927699.43,493589161.1,TUSD
2024-06-18,0.9956407713,57010765.94,493540607.7,TUSD
2024-06-17,0.9966799882,47358120.37,494055749,TUSD
2024-06-16,0.9968202831,36940069.81,494125293.5,TUSD
2024-06-15,0.9968296392,36762762.21,494129931.3,TUSD
2024-06-14,0.9966934388,44386362.93,494062416.5,TUSD
2024-06-13,0.9972062762,49445352.49,494316630.8,TUSD
2024-06-12,0.9981522433,69951023.13,494785548.1,TUSD
2024-06-11,0.9978278073,52323557.15,495123637,TUSD
2024-06-10,0.9986373037,45214800.4,496024628.1,TUSD
2024-06-09,0.9990341362,36870424.49,496721251.7,TUSD
2024-06-08,0.9988525318,39378801.81,496630957.8,TUSD
2024-06-07,0.9986040454,66179907.13,496507409.9,TUSD
2024-06-06,0.9987559694,44101708.11,497082324,TUSD
2024-06-05,0.9994460018,50762923.13,497925476.3,TUSD
2024-06-04,0.999241775,47360900.31,498323350.3,TUSD
2024-06-03,0.9993051865,50049419.66,499413782.7,TUSD
2024-06-02,0.998599302,39979402.28,500059607.7,TUSD
2024-06-01,0.9986420397,34801778.83,500071597.6,TUSD
2024-05-31,0.9981174457,48468009.13,499818312.8,TUSD
2024-05-30,0.9991190564,46149469.38,500319880.4,TUSD
2024-05-29,0.9977574753,60205459.78,500635810.3,TUSD
2024-05-28,0.9981427738,58145323.03,502825419.7,TUSD
2024-05-27,0.9988448817,64343575.26,505176801.6,TUSD
2024-05-26,0.9988277912,47901481.92,507165812.7,TUSD
2024-05-25,0.9995851962,45937303.28,507550393.4,TUSD
2024-05-24,0.9993273959,59718151.07,507419492.5,TUSD
2024-05-23,0.9988070758,72263637.13,508094625.5,TUSD
2024-05-22,0.9990827811,49392962.06,509233959.2,TUSD
2024-05-21,0.9998352241,59674986.84,509617480.5,TUSD
2024-05-20,1.001407843,77756918.36,510419046.9,TUSD
2024-05-19,1.000008149,39091632.68,509705620.4,TUSD
2024-05-18,1.000967738,40424252.26,510194724.6,TUSD
2024-05-17,1.000748558,46919723.97,510083008.1,TUSD
2024-05-16,1.000143231,48043810.38,509774471.9,TUSD
2024-05-15,1.000454504,59195054.02,509264332.1,TUSD
2024-05-14,0.9992826322,43060052.38,509335823.6,TUSD
2024-05-13,0.9995122081,44914741.49,509452838.8,TUSD
2024-05-12,0.9988000887,33469456.23,509089870.5,TUSD
2024-05-11,0.9991483698,29810984.41,509267389.9,TUSD
2024-05-10,0.9990736847,42287049.3,509229322.8,TUSD
2024-05-09,0.9999167111,40030330.34,509659014.6,TUSD
2024-05-08,0.9987618705,43652171.86,509070390.6,TUSD
2024-05-07,0.9997537171,42712614.73,509575936.3,TUSD
2024-05-06,0.9996501013,46141716.99,509523123.1,TUSD
2024-05-05,0.9998018766,40947670.49,509600483.2,TUSD
2024-05-04,1.000071279,41715989.83,509737798.1,TUSD
2024-05-03,1.000334673,49558581.18,509872050.1,TUSD
2024-05-02,0.9991621603,47711172.72,509274418.9,TUSD
2024-05-01,0.9971855417,56583263.57,508266933.5,TUSD
2024-04-30,0.9978734672,53110011.59,508617570.1,TUSD
2024-04-29,0.9991881394,44687318.81,509287660.5,TUSD
2024-04-28,0.9999360062,40084801.99,509668849.3,TUSD
2024-04-27,0.9989360098,44545584.17,509159149.6,TUSD
2024-04-26,0.9998051942,44502327.26,509602174.2,TUSD
2024-04-25,1.000314447,43950287.24,509861741.3,TUSD
2024-04-24,1.000325107,52224007.02,509906506.1,TUSD
2024-04-23,1.002624004,48442049.92,511038925.9,TUSD
2024-04-22,1.001911336,49929301.26,510675677.9,TUSD
2024-04-21,1.000617143,37429126.75,510016025.8,TUSD
2024-04-20,1.001292087,45997582.2,510360045.8,TUSD
2024-04-19,1.000563659,67888247.61,509988764.8,TUSD
2024-04-18,1.00079233,55118996.66,510105318.5,TUSD
2024-04-17,0.9996190416,55336285.2,509507291.9,TUSD
2024-04-16,0.9994511331,62666833.76,509421708.8,TUSD