"Date","Price","Volume","Market Cap","Coin","Deviation"
2025-04-14,0.9997,65444521521,144301072711,"USDT",-0.000299999999999967
2025-04-13,0.9997,60193768880,144345477534,"USDT",-0.000299999999999967
2025-04-12,0.9999,53780414831,144358039977,"USDT",-9.9999999999989e-05
2025-04-11,0.9995,69911193868,144270066488,"USDT",-0.000499999999999945
2025-04-10,0.9993,80163124209,144272216564,"USDT",-0.000700000000000034
2025-04-09,0.9997,139544979611,143966376637,"USDT",-0.000299999999999967
2025-04-08,0.999,81564232647,144052510272,"USDT",-0.001
2025-04-07,0.9998,159480342752,144225138991,"USDT",-0.000199999999999978
2025-04-06,0.9993,74366051040,143986738621,"USDT",-0.000700000000000034
2025-04-05,0.9996,34108090670,144026707894,"USDT",-0.000399999999999956
2025-04-04,0.9996,79619710660,144033928949,"USDT",-0.000399999999999956
2025-04-03,0.9996,74632997745,144182754256,"USDT",-0.000399999999999956
2025-04-02,0.9998,91631661187,144006792400,"USDT",-0.000199999999999978
2025-04-01,1,58370134998,143998606986,"USDT",0
2025-03-31,0.9998,59967779901,143906614992,"USDT",-0.000199999999999978
2025-03-30,0.9999,38085432412,144168520865,"USDT",-9.9999999999989e-05
2025-03-29,0.9996,45385777468,144122703316,"USDT",-0.000399999999999956
2025-03-28,0.9995,71112920720,144109394038,"USDT",-0.000499999999999945
2025-03-27,0.9997,55911263699,144133634838,"USDT",-0.000299999999999967
2025-03-26,1.0001,58872800987,144017689461,"USDT",9.9999999999989e-05
2025-03-25,1.0002,58456757340,143799182080,"USDT",0.000199999999999978
2025-03-24,1.0004,67599933158,143514104275,"USDT",0.000399999999999956
2025-03-23,1,39613720219,143487646963,"USDT",0
2025-03-22,0.9999,33001997620,143468942749,"USDT",-9.9999999999989e-05
2025-03-21,0.9996,47826756168,143470753035,"USDT",-0.000399999999999956
2025-03-20,0.9995,61655037854,143565636630,"USDT",-0.000499999999999945
2025-03-19,1.0003,77454470815,143474421809,"USDT",0.000299999999999967
2025-03-18,0.9998,55568882437,143396840566,"USDT",-0.000199999999999978
2025-03-17,1,56970443832,143465213781,"USDT",0
2025-03-16,1.0001,48641020262,143484211112,"USDT",9.9999999999989e-05
2025-03-15,1,38617325773,143469636475,"USDT",0
2025-03-14,1,60468227136,143353168630,"USDT",0
2025-03-13,0.9996,69499068047,143294661065,"USDT",-0.000399999999999956
2025-03-12,0.9997,78841806978,143145514653,"USDT",-0.000299999999999967
2025-03-11,0.9998,104880955133,142960853591,"USDT",-0.000199999999999978
2025-03-10,0.9997,106068799847,142891277302,"USDT",-0.000299999999999967
2025-03-09,0.9997,66660356811,142767254406,"USDT",-0.000299999999999967
2025-03-08,0.9997,45463660288,142761678983,"USDT",-0.000299999999999967
2025-03-07,0.9996,111427883161,142744011637,"USDT",-0.000399999999999956
2025-03-06,1.0001,87306564550,142736433112,"USDT",9.9999999999989e-05
2025-03-05,0.9999,91447454228,142493229811,"USDT",-9.9999999999989e-05
2025-03-04,0.9997,130594229329,142470611109,"USDT",-0.000299999999999967
2025-03-03,0.9992,135811207338,142331723684,"USDT",-0.000800000000000023
2025-03-02,1.0001,133280929229,142438646828,"USDT",9.9999999999989e-05
2025-03-01,0.9994,62938723492,142120863798,"USDT",-0.000600000000000045
2025-02-28,0.9995,146908454227,142138663610,"USDT",-0.000499999999999945
2025-02-27,0.999,98043035762,142152677704,"USDT",-0.001
2025-02-26,1.0002,119836685405,141928053161,"USDT",0.000199999999999978
2025-02-25,0.999,170041838176,142204538144,"USDT",-0.001
2025-02-24,0.9998,100852116996,142415096722,"USDT",-0.000199999999999978
2025-02-23,1.0001,54022199584,142499822975,"USDT",9.9999999999989e-05
2025-02-22,1.0002,57283088675,142520744328,"USDT",0.000199999999999978
2025-02-21,0.9995,108902119689,142139522500,"USDT",-0.000499999999999945
2025-02-20,1.0003,72455845464,141824825987,"USDT",0.000299999999999967
2025-02-19,0.9999,65862475675,141766356120,"USDT",-9.9999999999989e-05
2025-02-18,0.9994,85488692072,141672983177,"USDT",-0.000600000000000045
2025-02-17,0.9999,73802340406,141987714076,"USDT",-9.9999999999989e-05
2025-02-16,1.0001,45737337095,142015302747,"USDT",9.9999999999989e-05
2025-02-15,1.0002,49511991572,142017601261,"USDT",0.000199999999999978
2025-02-14,1.0001,82431082792,141819968666,"USDT",9.9999999999989e-05
2025-02-13,1.0002,83624826615,141953710944,"USDT",0.000199999999999978
2025-02-12,1.0001,102503671614,141964175064,"USDT",9.9999999999989e-05
2025-02-11,0.9999,84538857183,141858500279,"USDT",-9.9999999999989e-05
2025-02-10,1.0001,82150710154,141649860853,"USDT",9.9999999999989e-05
2025-02-09,1.0002,67025155232,141762382489,"USDT",0.000199999999999978
2025-02-08,1.0002,59882139192,141705666747,"USDT",0.000199999999999978
2025-02-07,1.0003,107866064908,141404652606,"USDT",0.000299999999999967
2025-02-06,1.0002,99009274148,141177357399,"USDT",0.000199999999999978
2025-02-05,1.0001,100967848652,141401707165,"USDT",9.9999999999989e-05
2025-02-04,1.0002,155187896041,140500952936,"USDT",0.000199999999999978
2025-02-03,1.0011,292831861639,139544714635,"USDT",0.0011000000000001
2025-02-02,0.9998,147745588018,139370731417,"USDT",-0.000199999999999978
2025-02-01,0.9998,72792811129,139389762633,"USDT",-0.000199999999999978
2025-01-31,0.9998,96233410167,139356595783,"USDT",-0.000199999999999978
2025-01-30,1.0001,83411405756,139422280220,"USDT",9.9999999999989e-05
2025-01-29,1.0001,94067494817,139495744223,"USDT",9.9999999999989e-05
2025-01-28,0.9996,91853415796,139378934822,"USDT",-0.000399999999999956
2025-01-27,1,162852896419,139338025303,"USDT",0
2025-01-26,0.9996,63723125224,139289573910,"USDT",-0.000399999999999956
2025-01-25,0.9999,65014479482,139310901067,"USDT",-9.9999999999989e-05
2025-01-24,0.9999,106044721443,138922824754,"USDT",-9.9999999999989e-05
2025-01-23,1.0002,156427496541,138633157641,"USDT",0.000199999999999978
2025-01-22,0.9995,112098975855,138491040966,"USDT",-0.000499999999999945
2025-01-21,0.9999,174822279640,138406053005,"USDT",-9.9999999999989e-05
2025-01-20,0.999,273447339459,138191260283,"USDT",-0.001
2025-01-19,0.999,242157716336,138215527521,"USDT",-0.001
2025-01-18,0.9991,142636119598,138167508346,"USDT",-0.000900000000000012
2025-01-17,1.0003,134437311375,137503988638,"USDT",0.000299999999999967
2025-01-16,0.9999,121313098677,137431349337,"USDT",-9.9999999999989e-05
2025-01-15,1,123293293794,137254936501,"USDT",0
2025-01-14,0.9998,98005957394,137213317941,"USDT",-0.000199999999999978
2025-01-13,0.9995,144300712698,137397571863,"USDT",-0.000499999999999945
2025-01-12,0.9995,54637025454,137388313633,"USDT",-0.000499999999999945
2025-01-11,0.9996,57535335308,137394461634,"USDT",-0.000399999999999956
2025-01-10,0.9999,118957513491,137433895888,"USDT",-9.9999999999989e-05
2025-01-09,1,123330689723,137600999624,"USDT",0
2025-01-08,0.9998,136465081033,137556451404,"USDT",-0.000199999999999978
2025-01-07,0.9999,131667426225,137507121905,"USDT",-9.9999999999989e-05
2025-01-06,1.0004,108122902094,137321543525,"USDT",0.000399999999999956
2025-01-05,0.9999,64028140855,137250898907,"USDT",-9.9999999999989e-05
2025-01-04,1,74021836865,137275789846,"USDT",0
2025-01-03,0.9995,98538090257,137187042109,"USDT",-0.000499999999999945
2025-01-02,0.9991,105203615172,137295398960,"USDT",-0.000900000000000012
2025-01-01,0.9978,68502735817,137146007423,"USDT",-0.00219999999999998
2024-12-31,0.9981,91819301596,137533977345,"USDT",-0.00190000000000001
2024-12-30,0.9981,115072081499,138685395801,"USDT",-0.00190000000000001
2024-12-29,0.9981,69693606139,138748711790,"USDT",-0.00190000000000001
2024-12-28,0.9982,67439233134,138757494324,"USDT",-0.00180000000000002
2024-12-27,0.9986,109643243034,139242342482,"USDT",-0.00139999999999996
2024-12-26,0.9988,103981654028,139269538043,"USDT",-0.00119999999999998
2024-12-25,0.9992,95006873018,139305560905,"USDT",-0.000800000000000023
2024-12-24,0.9993,110251264354,139748850453,"USDT",-0.000700000000000034
2024-12-23,0.9987,143549331087,139667489904,"USDT",-0.00129999999999997
2024-12-22,0.9991,113706935887,139736226728,"USDT",-0.000900000000000012
2024-12-21,0.9998,145138019727,139824038874,"USDT",-0.000199999999999978
2024-12-20,0.9995,259587932676,140557862589,"USDT",-0.000499999999999945
2024-12-19,0.9992,235961162359,140519418700,"USDT",-0.000800000000000023
2024-12-18,0.9997,204621508146,140540791799,"USDT",-0.000299999999999967
2024-12-17,1.0001,153946818098,140461955316,"USDT",9.9999999999989e-05
2024-12-16,1.0001,182117784211,140278403860,"USDT",9.9999999999989e-05
2024-12-15,0.9994,110558845836,140162036067,"USDT",-0.000600000000000045
2024-12-14,0.9997,105119424690,140094173702,"USDT",-0.000299999999999967
2024-12-13,1.0001,138144222106,140098106323,"USDT",9.9999999999989e-05
2024-12-12,1.0001,175416498704,139754081528,"USDT",9.9999999999989e-05
2024-12-11,1.0006,183494290144,138696977116,"USDT",0.000599999999999934
2024-12-10,1.0007,258614541407,138401131354,"USDT",0.000699999999999923
2024-12-09,1.0004,268299692134,138132101983,"USDT",0.000399999999999956
2024-12-08,1.0008,124097864930,138022722413,"USDT",0.000799999999999912
2024-12-07,1.0009,134071994829,137828205171,"USDT",0.000899999999999901
2024-12-06,1.0015,217009391726,136840200071,"USDT",0.00150000000000006
2024-12-05,1.0022,300668571420,135946594852,"USDT",0.00219999999999998
2024-12-04,1.0013,230862012926,135154959457,"USDT",0.00130000000000008
2024-12-03,1.001,228432340978,134774046876,"USDT",0.00099999999999989
2024-12-02,1.0003,227268445649,134163655455,"USDT",0.000299999999999967
2024-12-01,1.0008,130353277727,134144285331,"USDT",0.000799999999999912
2024-11-30,1.0006,120928470477,134088502507,"USDT",0.000599999999999934
2024-11-29,1.0004,134186448971,133483323985,"USDT",0.000399999999999956
2024-11-28,1.0002,129679180306,133226700636,"USDT",0.000199999999999978
2024-11-27,1.001,160374457051,132793751537,"USDT",0.00099999999999989
2024-11-26,0.9997,181473614140,132686858728,"USDT",-0.000299999999999967
2024-11-25,1,191694839817,132588967998,"USDT",0
2024-11-24,1.0009,161179026067,132552148318,"USDT",0.000899999999999901
2024-11-23,1.0009,175794188544,132229941343,"USDT",0.000899999999999901
2024-11-22,1.0011,168744865627,130863246580,"USDT",0.0011000000000001
2024-11-21,1.0011,196629125698,130291032807,"USDT",0.0011000000000001
2024-11-20,1.0008,140774842890,128858450484,"USDT",0.000799999999999912
2024-11-19,1.0013,145026896702,128327360188,"USDT",0.00130000000000008
2024-11-18,1.0006,160315204053,127613461731,"USDT",0.000599999999999934
2024-11-17,1.0002,132049931364,127562925987,"USDT",0.000199999999999978
2024-11-16,1.0003,132581111290,127402113317,"USDT",0.000299999999999967
2024-11-15,1.0004,162767483205,127328710155,"USDT",0.000399999999999956
2024-11-14,1,191362214233,126619599223,"USDT",0
2024-11-13,1.0013,249998968429,125395116711,"USDT",0.00130000000000008
2024-11-12,1.001,263991047405,124133392943,"USDT",0.00099999999999989
2024-11-11,1.0011,221704336713,123515926642,"USDT",0.0011000000000001
2024-11-10,1.0007,178936402107,123294894269,"USDT",0.000699999999999923
2024-11-09,1.0004,79860693662,123083871281,"USDT",0.000399999999999956
2024-11-08,1.0005,102072246665,122020731649,"USDT",0.000499999999999945
2024-11-07,1.0007,113210698441,121465868840,"USDT",0.000699999999999923
2024-11-06,1.0008,174263401161,120600360128,"USDT",0.000799999999999912
2024-11-05,1,69890308288,120493756335,"USDT",0
2024-11-04,0.9996,64129566492,120522523938,"USDT",-0.000399999999999956
2024-11-03,0.9996,57567131255,120525662309,"USDT",-0.000399999999999956
2024-11-02,0.9997,35453783349,120545315339,"USDT",-0.000299999999999967
2024-11-01,0.9994,75894767746,120514749579,"USDT",-0.000600000000000045
2024-10-31,0.9986,67445977914,120411037108,"USDT",-0.00139999999999996
2024-10-30,0.9996,69142436437,120455453674,"USDT",-0.000399999999999956
2024-10-29,0.9997,87586242107,120210915511,"USDT",-0.000299999999999967
2024-10-28,0.9993,66855500410,120259047010,"USDT",-0.000700000000000034
2024-10-27,0.9987,34453667355,120188351108,"USDT",-0.00129999999999997
2024-10-26,0.9987,44076956725,120166455583,"USDT",-0.00129999999999997
2024-10-25,0.9982,78091841017,120076508230,"USDT",-0.00180000000000002
2024-10-24,0.9995,57614263583,120165280485,"USDT",-0.000499999999999945
2024-10-23,0.9992,60689585382,120112680455,"USDT",-0.000800000000000023
2024-10-22,0.9994,58886789137,120145920300,"USDT",-0.000600000000000045
2024-10-21,0.9998,66839777317,120164058011,"USDT",-0.000199999999999978
2024-10-20,0.9997,45409324314,120131870663,"USDT",-0.000299999999999967
2024-10-19,0.9999,32490132300,120165050498,"USDT",-9.9999999999989e-05
2024-10-18,0.9999,59487210585,119999515386,"USDT",-9.9999999999989e-05
2024-10-17,0.9997,55057801321,119935878767,"USDT",-0.000299999999999967
2024-10-16,0.9998,63169854723,119953525821,"USDT",-0.000199999999999978
2024-10-15,0.9998,83963242850,119741258856,"USDT",-0.000199999999999978
2024-10-14,0.9995,73645211355,119683986705,"USDT",-0.000499999999999945
2024-10-13,0.9996,36960774632,119684031434,"USDT",-0.000399999999999956
2024-10-12,0.9998,35944351076,119707202830,"USDT",-0.000199999999999978
2024-10-11,0.9998,51632274020,119701420282,"USDT",-0.000199999999999978
2024-10-10,0.9992,53496953156,119763317091,"USDT",-0.000800000000000023
2024-10-09,0.9991,51841377811,119736521474,"USDT",-0.000900000000000012
2024-10-08,0.9994,52704043947,119788189289,"USDT",-0.000600000000000045
2024-10-07,1,62209887550,119657974910,"USDT",0
2024-10-06,0.9998,31287737203,119652966332,"USDT",-0.000199999999999978
2024-10-05,1,29417406990,119640559083,"USDT",0
2024-10-04,1.0002,52705769943,119659841644,"USDT",0.000199999999999978
2024-10-03,1,63125979096,119632235988,"USDT",0
2024-10-02,0.9998,70063566098,119627273049,"USDT",-0.000199999999999978
2024-10-01,0.9998,87661652549,119605745273,"USDT",-0.000199999999999978
2024-09-30,0.9998,64288823984,119606990798,"USDT",-0.000199999999999978
2024-09-29,1.0001,39151842030,119535637477,"USDT",9.9999999999989e-05
2024-09-28,1.0002,38585123416,119436453012,"USDT",0.000199999999999978
2024-09-27,1.0002,61923482857,119381075672,"USDT",0.000199999999999978
2024-09-26,1.0002,66981158381,119310843102,"USDT",0.000199999999999978
2024-09-25,0.9999,50797578929,119251993630,"USDT",-9.9999999999989e-05
2024-09-24,1,56967919219,119240052657,"USDT",0
2024-09-23,1,60077721757,119239522775,"USDT",0
2024-09-22,1.0001,41426101070,119175568395,"USDT",9.9999999999989e-05
2024-09-21,1.0003,33954200576,119181581792,"USDT",0.000299999999999967
2024-09-20,1.0001,62999225593,119172814477,"USDT",9.9999999999989e-05
2024-09-19,1.0002,68815065769,118916699579,"USDT",0.000199999999999978
2024-09-18,1.0004,62277811817,118903015314,"USDT",0.000399999999999956
2024-09-17,1.0001,55698782715,118712523306,"USDT",9.9999999999989e-05
2024-09-16,0.9999,52359857999,118693600445,"USDT",-9.9999999999989e-05
2024-09-15,1.0001,33574816326,118816936252,"USDT",9.9999999999989e-05
2024-09-14,1.0002,31284959922,118599575491,"USDT",0.000199999999999978
2024-09-13,1.0008,50561943685,118410362296,"USDT",0.000799999999999912
2024-09-12,1,49496227393,118382249277,"USDT",0
2024-09-11,1.0001,53910355372,118393661761,"USDT",9.9999999999989e-05
2024-09-10,1,44958459857,118367165716,"USDT",0
2024-09-09,1.0001,53645369813,118213349441,"USDT",9.9999999999989e-05
2024-09-08,0.9999,32754298136,118212522815,"USDT",-9.9999999999989e-05
2024-09-07,0.9999,34349157560,118183301980,"USDT",-9.9999999999989e-05
2024-09-06,0.9997,76063648537,118110992248,"USDT",-0.000299999999999967
2024-09-05,0.9998,47219392114,118123412031,"USDT",-0.000199999999999978
2024-09-04,1,57499396611,118144833383,"USDT",0
2024-09-03,0.9998,43284063635,118108714817,"USDT",-0.000199999999999978
2024-09-02,0.9999,45617837521,118213094420,"USDT",-9.9999999999989e-05
2024-09-01,1,40816634044,118233284750,"USDT",0
2024-08-31,0.9999,24536311364,118214928566,"USDT",-9.9999999999989e-05
2024-08-30,0.9999,53462688174,118213225145,"USDT",-9.9999999999989e-05
2024-08-29,1.0002,51557558279,118118434662,"USDT",0.000199999999999978
2024-08-28,1.0001,69866785923,118058608837,"USDT",9.9999999999989e-05
2024-08-27,1.0003,65120597214,118077598988,"USDT",0.000299999999999967
2024-08-26,1.0002,51030197598,117883309512,"USDT",0.000199999999999978
2024-08-25,1.0005,40361519650,117924482898,"USDT",0.000499999999999945
2024-08-24,1.0004,46227369084,117909039091,"USDT",0.000399999999999956
2024-08-23,1.0008,66435913915,117771678648,"USDT",0.000799999999999912
2024-08-22,1.0002,45673020568,117451307682,"USDT",0.000199999999999978
2024-08-21,1.0003,53113473486,117319442909,"USDT",0.000299999999999967
2024-08-20,1,53591125880,117302674602,"USDT",0
2024-08-19,1.0005,46796006984,116948334578,"USDT",0.000499999999999945
2024-08-18,1.0006,34966981759,116930616831,"USDT",0.000599999999999934
2024-08-17,1.0002,27396981274,116841598027,"USDT",0.000199999999999978
2024-08-16,1.0003,49001060836,116746696274,"USDT",0.000299999999999967
2024-08-15,1.0002,56751936622,116557615011,"USDT",0.000199999999999978
2024-08-14,1.0003,52144724490,116218305086,"USDT",0.000299999999999967
2024-08-13,1.0003,51440569199,115674781297,"USDT",0.000299999999999967
2024-08-12,1.0002,63275431596,115669017013,"USDT",0.000199999999999978
2024-08-11,1,41909131618,115644012878,"USDT",0
2024-08-10,1.0002,31042565436,115681668414,"USDT",0.000199999999999978
2024-08-09,1.0006,55251256632,115470949574,"USDT",0.000599999999999934
2024-08-08,1.0003,73383041658,115069595825,"USDT",0.000299999999999967
2024-08-07,1.0003,72320106597,114560688936,"USDT",0.000299999999999967
2024-08-06,1.0006,81396416579,114465754318,"USDT",0.000599999999999934
2024-08-05,1.0004,188926094526,114575013675,"USDT",0.000399999999999956
2024-08-04,0.9997,58452540746,114482501638,"USDT",-0.000299999999999967
2024-08-03,0.9996,54276527600,114493483482,"USDT",-0.000399999999999956
2024-08-02,0.9987,67773726855,114347643174,"USDT",-0.00129999999999997
2024-08-01,0.9991,65833386618,114389973000,"USDT",-0.000900000000000012
2024-07-31,0.9997,52003171104,114435510391,"USDT",-0.000299999999999967
2024-07-30,0.9998,51267032806,114443245378,"USDT",-0.000199999999999978
2024-07-29,0.9998,63609014546,114394587328,"USDT",-0.000199999999999978
2024-07-28,0.9999,33668335667,114407348239,"USDT",-9.9999999999989e-05
2024-07-27,1.0001,55047490100,114333758547,"USDT",9.9999999999989e-05
2024-07-26,1.0002,52685688859,114301945156,"USDT",0.000199999999999978
2024-07-25,0.9998,69959674584,114368803542,"USDT",-0.000199999999999978
2024-07-24,0.9998,51701005917,114403399831,"USDT",-0.000199999999999978
2024-07-23,1.0002,67217361972,114257947071,"USDT",0.000199999999999978
2024-07-22,1.0004,52730305555,114133894420,"USDT",0.000399999999999956
2024-07-21,1.0002,50474174912,114061252605,"USDT",0.000199999999999978
2024-07-20,1.0004,40368955293,113934800515,"USDT",0.000399999999999956
2024-07-19,1.0005,64622483446,113754606330,"USDT",0.000499999999999945
2024-07-18,0.9998,53674693484,113613163520,"USDT",-0.000199999999999978
2024-07-17,1.0002,61898179810,113245588243,"USDT",0.000199999999999978
2024-07-16,1.0006,76288567031,112932846087,"USDT",0.000599999999999934
2024-07-15,1.0008,66578959504,112626181072,"USDT",0.000799999999999912
2024-07-14,1.0003,41068191081,112498379291,"USDT",0.000299999999999967
2024-07-13,1.0003,34421372740,112451065911,"USDT",0.000299999999999967
2024-07-12,1.0002,46446510451,112394038911,"USDT",0.000199999999999978
2024-07-11,1.0001,52287657808,112267596518,"USDT",9.9999999999989e-05
2024-07-10,0.9999,48310166694,112246025302,"USDT",-9.9999999999989e-05
2024-07-09,1,52771534181,112208663949,"USDT",0
2024-07-08,0.9998,74590713592,112189505845,"USDT",-0.000199999999999978
2024-07-07,0.9998,42863990186,112204931886,"USDT",-0.000199999999999978
2024-07-06,1.0001,43532116200,112234808108,"USDT",9.9999999999989e-05
2024-07-05,1,104430727675,112304369856,"USDT",0
2024-07-04,0.9997,74732714381,112446698381,"USDT",-0.000299999999999967
2024-07-03,0.9989,57042672759,112515542918,"USDT",-0.00109999999999999
2024-07-02,0.9985,39391729670,112612903256,"USDT",-0.00149999999999995
2024-07-01,0.999,45876476553,112758516893,"USDT",-0.001
2024-06-30,0.9984,34937001727,112731812369,"USDT",-0.00160000000000005
2024-06-29,0.9984,28311234049,112627145617,"USDT",-0.00160000000000005
2024-06-28,0.9981,48868972915,112597573979,"USDT",-0.00190000000000001
2024-06-27,0.9986,45267792573,112622557020,"USDT",-0.00139999999999996
2024-06-26,0.9993,44813407523,112753404527,"USDT",-0.000700000000000034
2024-06-25,0.9998,52502040528,112912703846,"USDT",-0.000199999999999978
2024-06-24,0.9994,75556423079,112884362508,"USDT",-0.000600000000000045
2024-06-23,0.9993,29265392695,112867606178,"USDT",-0.000700000000000034
2024-06-22,0.9996,26893846849,112893415546,"USDT",-0.000399999999999956
2024-06-21,0.9995,52864626463,112832566730,"USDT",-0.000499999999999945
2024-06-20,0.9994,53052487180,112823559454,"USDT",-0.000600000000000045
2024-06-19,0.9998,48283435769,112583139431,"USDT",-0.000199999999999978
2024-06-18,0.9995,78695656625,112501884806,"USDT",-0.000499999999999945
2024-06-17,0.9996,60712949361,112520935651,"USDT",-0.000399999999999956
2024-06-16,0.9993,31962850043,112480370445,"USDT",-0.000700000000000034
2024-06-15,0.9995,35823242153,112499901593,"USDT",-0.000499999999999945
2024-06-14,0.9995,56734383862,112499943136,"USDT",-0.000499999999999945
2024-06-13,0.9996,56101863399,112499618477,"USDT",-0.000399999999999956
2024-06-12,0.9997,67692265125,112460523021,"USDT",-0.000299999999999967
2024-06-11,0.9999,72360838236,112489578409,"USDT",-9.9999999999989e-05
2024-06-10,0.9996,51346980569,112433872191,"USDT",-0.000399999999999956
2024-06-09,0.9999,38460275023,112441148680,"USDT",-9.9999999999989e-05
2024-06-08,0.9999,42654042043,112444047660,"USDT",-9.9999999999989e-05
2024-06-07,0.9996,83727148277,112390395074,"USDT",-0.000399999999999956
2024-06-06,0.9995,58624834999,112342921780,"USDT",-0.000499999999999945
2024-06-05,1.0001,67311453236,112329544372,"USDT",9.9999999999989e-05
2024-06-04,1.0002,64592711851,112309167547,"USDT",0.000199999999999978
2024-06-03,0.9998,66326852767,112187456183,"USDT",-0.000199999999999978
2024-06-02,0.9994,47966136014,112140407830,"USDT",-0.000600000000000045
2024-06-01,0.9993,34114810017,112063305722,"USDT",-0.000700000000000034
2024-05-31,0.999,58892635053,111883619376,"USDT",-0.001
2024-05-30,0.9997,66107540689,111925660330,"USDT",-0.000299999999999967
2024-05-29,0.9988,64306272506,111820369361,"USDT",-0.00119999999999998
2024-05-28,0.9989,75112778670,111840105323,"USDT",-0.00109999999999999
2024-05-27,0.9992,64469471473,111850901727,"USDT",-0.000800000000000023
2024-05-26,0.9995,44796186073,111880094514,"USDT",-0.000499999999999945
2024-05-25,0.9999,41182549806,111922883085,"USDT",-9.9999999999989e-05
2024-05-24,0.9998,68659164363,111877496387,"USDT",-0.000199999999999978
2024-05-23,0.9996,107880114240,111712346955,"USDT",-0.000399999999999956
2024-05-22,0.9995,75458368905,111693510807,"USDT",-0.000499999999999945
2024-05-21,0.9999,104832621504,111352434061,"USDT",-9.9999999999989e-05
2024-05-20,1.0001,86442004708,111437982905,"USDT",9.9999999999989e-05
2024-05-19,0.9999,38312293613,111425073390,"USDT",-9.9999999999989e-05
2024-05-18,1.0002,39091871989,111355465813,"USDT",0.000199999999999978
2024-05-17,1.0004,56249728895,111259408642,"USDT",0.000399999999999956
2024-05-16,1.0001,62000126842,111214863874,"USDT",9.9999999999989e-05
2024-05-15,1.0005,70663923975,111011085045,"USDT",0.000499999999999945
2024-05-14,0.9996,57380795961,110805777511,"USDT",-0.000399999999999956
2024-05-13,0.9999,53205467613,110822254356,"USDT",-9.9999999999989e-05
2024-05-12,0.9996,25865589825,110793360103,"USDT",-0.000399999999999956
2024-05-11,0.9998,29171047578,110810575113,"USDT",-0.000199999999999978
2024-05-10,0.9999,50244486838,110800958985,"USDT",-9.9999999999989e-05
2024-05-09,0.9999,46236991775,110944383142,"USDT",-9.9999999999989e-05
2024-05-08,0.9996,46623837988,110910426656,"USDT",-0.000399999999999956
2024-05-07,1,46143834059,110967225300,"USDT",0
2024-05-06,1,52931405950,110912135433,"USDT",0
2024-05-05,1.0003,36224596673,110937481132,"USDT",0.000299999999999967
2024-05-04,1.0001,39527945715,110785799470,"USDT",9.9999999999989e-05
2024-05-03,1.0005,53871028495,110666576840,"USDT",0.000499999999999945
2024-05-02,1.0001,54769809487,110601610981,"USDT",9.9999999999989e-05
2024-05-01,0.9986,76859530069,110436191578,"USDT",-0.00139999999999996
2024-04-30,0.9992,66092463422,110547764414,"USDT",-0.000800000000000023
2024-04-29,0.9997,49733140585,110530678761,"USDT",-0.000299999999999967
2024-04-28,0.9997,36114073992,110535161160,"USDT",-0.000299999999999967
2024-04-27,0.9994,40609767473,110493607098,"USDT",-0.000600000000000045
2024-04-26,0.9997,45201516166,110383482385,"USDT",-0.000299999999999967
2024-04-25,0.9998,56150133824,110445097092,"USDT",-0.000199999999999978
2024-04-24,0.9998,60998445931,110419420574,"USDT",-0.000199999999999978
2024-04-23,1.0001,49389574681,110414385522,"USDT",9.9999999999989e-05
2024-04-22,1.0003,52741030322,109876809892,"USDT",0.000299999999999967
2024-04-21,1.0002,40914266460,109857607038,"USDT",0.000199999999999978
2024-04-20,1.0004,45625971025,109759499495,"USDT",0.000399999999999956
2024-04-19,1.0006,84354523666,109540756062,"USDT",0.000599999999999934
2024-04-18,1.0006,63558115213,109090139733,"USDT",0.000599999999999934
2024-04-17,1,71118551643,108733311238,"USDT",0
2024-04-16,1.0004,77388159492,108151712779,"USDT",0.000399999999999956
2025-04-14,0.9998,11279262236,60189060931,"USDC",-0.000199999999999978
2025-04-13,0.9999,8398473378,60054612706,"USDC",-9.9999999999989e-05
2025-04-12,1,7676882234,60080217934,"USDC",0
2025-04-11,1,11171173047,60076087407,"USDC",0
2025-04-10,0.9999,12968188424,59912761288,"USDC",-9.9999999999989e-05
2025-04-09,0.9999,22801529129,59940890042,"USDC",-9.9999999999989e-05
2025-04-08,0.9998,15359090304,60137296040,"USDC",-0.000199999999999978
2025-04-07,1.0002,25379799007,60262622185,"USDC",0.000199999999999978
2025-04-06,0.9999,11438674601,60336255574,"USDC",-9.9999999999989e-05
2025-04-05,1,4505740439,60532831295,"USDC",0
2025-04-04,0.9999,14661520062,60570560554,"USDC",-9.9999999999989e-05
2025-04-03,0.9999,12665493909,60867477943,"USDC",-9.9999999999989e-05
2025-04-02,1,15685504944,60648969145,"USDC",0
2025-04-01,1,8951500963,60120543369,"USDC",0
2025-03-31,0.9999,10972505506,60070916213,"USDC",-9.9999999999989e-05
2025-03-30,1.0001,5545589305,60190955381,"USDC",9.9999999999989e-05
2025-03-29,0.9999,6452445830,60243858828,"USDC",-9.9999999999989e-05
2025-03-28,1,11720323398,60254162144,"USDC",0
2025-03-27,0.9999,9335553639,60342859439,"USDC",-9.9999999999989e-05
2025-03-26,0.9999,8964829253,60168404854,"USDC",-9.9999999999989e-05
2025-03-25,1,9053718025,60125703586,"USDC",0
2025-03-24,1.0001,10763138743,59710286018,"USDC",9.9999999999989e-05
2025-03-23,1,4334955293,59710105775,"USDC",0
2025-03-22,1,3687086901,59616902586,"USDC",0
2025-03-21,1,8056596360,59671423093,"USDC",0
2025-03-20,0.9999,10484925681,59323579774,"USDC",-9.9999999999989e-05
2025-03-19,1.0001,11517621398,59173010895,"USDC",9.9999999999989e-05
2025-03-18,0.9999,7571744811,58822779690,"USDC",-9.9999999999989e-05
2025-03-17,1,7364251292,58807109944,"USDC",0
2025-03-16,1.0001,5342376239,58722467614,"USDC",9.9999999999989e-05
2025-03-15,1,4232926386,58770355045,"USDC",0
2025-03-14,1,8847938133,58688699142,"USDC",0
2025-03-13,1,11856838776,58329747041,"USDC",0
2025-03-12,0.9998,11962339616,58263621579,"USDC",-0.000199999999999978
2025-03-11,0.9999,14833420303,58115446944,"USDC",-9.9999999999989e-05
2025-03-10,1,17810860152,57879658216,"USDC",0
2025-03-09,0.9999,6144542711,58115071283,"USDC",-9.9999999999989e-05
2025-03-08,0.9999,4127743059,58117403003,"USDC",-9.9999999999989e-05
2025-03-07,0.9998,12032728232,58138297163,"USDC",-0.000199999999999978
2025-03-06,1.0001,9861139718,57276831163,"USDC",9.9999999999989e-05
2025-03-05,1,9271446360,56989879185,"USDC",0
2025-03-04,0.9999,14008589283,56441380844,"USDC",-9.9999999999989e-05
2025-03-03,0.9999,13808944206,56199270673,"USDC",-9.9999999999989e-05
2025-03-02,1,13210357333,56371530465,"USDC",0
2025-03-01,0.9998,5501083056,56351148895,"USDC",-0.000199999999999978
2025-02-28,0.9999,14081466100,56375761534,"USDC",-9.9999999999989e-05
2025-02-27,0.9998,9719464108,55579852821,"USDC",-0.000199999999999978
2025-02-26,0.9999,11546719465,56039702055,"USDC",-9.9999999999989e-05
2025-02-25,1,16057418626,56221669257,"USDC",0
2025-02-24,0.9998,10369215725,56614827530,"USDC",-0.000199999999999978
2025-02-23,1,5105617640,57173757220,"USDC",0
2025-02-22,1.0001,5462121672,57096992297,"USDC",9.9999999999989e-05
2025-02-21,1.0001,10738574137,57213777139,"USDC",9.9999999999989e-05
2025-02-20,1,7453422390,56216500170,"USDC",0
2025-02-19,0.9999,6140029876,56249027527,"USDC",-9.9999999999989e-05
2025-02-18,0.9998,8525503716,56211667885,"USDC",-0.000199999999999978
2025-02-17,1,6994398261,56473957355,"USDC",0
2025-02-16,0.9999,4310300996,56457482086,"USDC",-9.9999999999989e-05
2025-02-15,1,4631171038,56371139417,"USDC",0
2025-02-14,0.9999,8868475735,56353208182,"USDC",-9.9999999999989e-05
2025-02-13,1,7971520510,56104555414,"USDC",0
2025-02-12,1,9290154331,56084769945,"USDC",0
2025-02-11,0.9999,7590822419,56068208925,"USDC",-9.9999999999989e-05
2025-02-10,0.9999,7290485956,56245323271,"USDC",-9.9999999999989e-05
2025-02-09,1,5561659216,56199285137,"USDC",0
2025-02-08,1.0001,4752901210,56055359301,"USDC",9.9999999999989e-05
2025-02-07,1.0001,9658671792,56258886632,"USDC",9.9999999999989e-05
2025-02-06,1.0001,9168007548,55747457547,"USDC",9.9999999999989e-05
2025-02-05,1.0001,9168611887,55319134017,"USDC",9.9999999999989e-05
2025-02-04,0.9999,13781033980,55027343950,"USDC",-9.9999999999989e-05
2025-02-03,0.9999,25631139115,54450664045,"USDC",-9.9999999999989e-05
2025-02-02,0.9999,11920276473,53401954902,"USDC",-9.9999999999989e-05
2025-02-01,1,6185622117,53326803208,"USDC",0
2025-01-31,1.0001,8846936448,53323128392,"USDC",9.9999999999989e-05
2025-01-30,1,7862432550,53110185150,"USDC",0
2025-01-29,1,8752826477,52551166575,"USDC",0
2025-01-28,1.0002,8727690529,52515804563,"USDC",0.000199999999999978
2025-01-27,1.0001,14155994278,52310047579,"USDC",9.9999999999989e-05
2025-01-26,1,6265241677,52200924518,"USDC",0
2025-01-25,1,6639518364,52182762560,"USDC",0
2025-01-24,0.9999,10239429179,52193907187,"USDC",-9.9999999999989e-05
2025-01-23,1,21214955925,51934215246,"USDC",0
2025-01-22,1,10044372261,51527267750,"USDC",0
2025-01-21,0.9999,14830922157,50909518412,"USDC",-9.9999999999989e-05
2025-01-20,1.0001,26853357037,48111643358,"USDC",9.9999999999989e-05
2025-01-19,1.0005,25940426522,48057169960,"USDC",0.000499999999999945
2025-01-18,1,20031244124,47468285067,"USDC",0
2025-01-17,0.9999,9993616896,47410044668,"USDC",-9.9999999999989e-05
2025-01-16,1,8642062676,46483655999,"USDC",0
2025-01-15,0.9999,8920524801,46227103384,"USDC",-9.9999999999989e-05
2025-01-14,1.0001,6762370105,45701096575,"USDC",9.9999999999989e-05
2025-01-13,1,9931508302,45655058930,"USDC",0
2025-01-12,1,3330316049,45747627405,"USDC",0
2025-01-11,1,3760069434,45736600164,"USDC",0
2025-01-10,1.0001,7843222136,45714582988,"USDC",9.9999999999989e-05
2025-01-09,1,8459464210,45411563162,"USDC",0
2025-01-08,1,9359722628,45343170001,"USDC",0
2025-01-07,1.0001,9456450545,45504272383,"USDC",9.9999999999989e-05
2025-01-06,1,7731799916,45890637925,"USDC",0
2025-01-05,1.0001,3837973655,45614128885,"USDC",9.9999999999989e-05
2025-01-04,1.0002,4779945985,45554906948,"USDC",0.000199999999999978
2025-01-03,0.9999,7108083150,45336918864,"USDC",-9.9999999999989e-05
2025-01-02,1,7015734565,44404717316,"USDC",0
2025-01-01,0.9999,4814331123,43764778311,"USDC",-9.9999999999989e-05
2024-12-31,1,6536628101,43893856713,"USDC",0
2024-12-30,0.9999,8198256021,43786146843,"USDC",-9.9999999999989e-05
2024-12-29,1,4676908159,43619921670,"USDC",0
2024-12-28,1,4275867712,43599406687,"USDC",0
2024-12-27,1.0001,7058593949,43552290733,"USDC",9.9999999999989e-05
2024-12-26,0.9999,6293907750,43504746979,"USDC",-9.9999999999989e-05
2024-12-25,1,4968406014,43160386426,"USDC",0
2024-12-24,1,7328436637,43164368021,"USDC",0
2024-12-23,1,9456995473,43099030435,"USDC",0
2024-12-22,1,6004278873,42999419852,"USDC",0
2024-12-21,1,7762954179,42948135797,"USDC",0
2024-12-20,1,14518266682,42744145931,"USDC",0
2024-12-19,1.0001,13783077258,42380211387,"USDC",9.9999999999989e-05
2024-12-18,1,13913234580,42374553183,"USDC",0
2024-12-17,0.9999,11318307939,42550118830,"USDC",-9.9999999999989e-05
2024-12-16,0.9998,12630474818,42345742915,"USDC",-0.000199999999999978
2024-12-15,0.9997,7231351889,42113984557,"USDC",-0.000299999999999967
2024-12-14,0.9997,6251462807,41986788956,"USDC",-0.000299999999999967
2024-12-13,0.9999,9114211832,41973037166,"USDC",-9.9999999999989e-05
2024-12-12,0.9999,12062083208,41502581919,"USDC",-9.9999999999989e-05
2024-12-11,0.9998,11895234521,41544877151,"USDC",-0.000199999999999978
2024-12-10,1,16205054595,40853625594,"USDC",0
2024-12-09,1,17356499121,40657309894,"USDC",0
2024-12-08,1.0001,6377521647,41034381574,"USDC",9.9999999999989e-05
2024-12-07,1,6778500949,41228197238,"USDC",0
2024-12-06,0.9998,14138620427,41234885531,"USDC",-0.000199999999999978
2024-12-05,1.0002,21397586720,40303659992,"USDC",0.000199999999999978
2024-12-04,0.9999,14566231354,40585591637,"USDC",-9.9999999999989e-05
2024-12-03,1.0003,12588468097,40073741442,"USDC",0.000299999999999967
2024-12-02,1,13993252120,39879382336,"USDC",0
2024-12-01,1,7199615705,40009216437,"USDC",0
2024-11-30,1.0001,6674129328,39913045885,"USDC",9.9999999999989e-05
2024-11-29,0.9999,9445741613,39798395901,"USDC",-9.9999999999989e-05
2024-11-28,1,8182163025,39404920604,"USDC",0
2024-11-27,1,11875242690,39497531837,"USDC",0
2024-11-26,1.0001,13492395639,38629008340,"USDC",9.9999999999989e-05
2024-11-25,1,13994888761,38709270109,"USDC",0
2024-11-24,0.9998,8372990053,38957891905,"USDC",-0.000199999999999978
2024-11-23,1,9667189128,39003393284,"USDC",0
2024-11-22,1,12996186019,38837161105,"USDC",0
2024-11-21,0.9999,14804992372,38182386543,"USDC",-9.9999999999989e-05
2024-11-20,0.9999,11034592309,37891805880,"USDC",-9.9999999999989e-05
2024-11-19,1,10786686009,37366442534,"USDC",0
2024-11-18,1,11308072958,37443449098,"USDC",0
2024-11-17,1,8340439536,37125236748,"USDC",0
2024-11-16,0.9997,6860911415,37122686957,"USDC",-0.000299999999999967
2024-11-15,0.9998,11937522034,36771550314,"USDC",-0.000199999999999978
2024-11-14,0.9999,14655228620,36763370200,"USDC",-9.9999999999989e-05
2024-11-13,1,19408804164,36686881292,"USDC",0
2024-11-12,1.0001,19965628237,36543848255,"USDC",9.9999999999989e-05
2024-11-11,0.9998,17333067299,36939130636,"USDC",-0.000199999999999978
2024-11-10,1,12234527657,36997754293,"USDC",0
2024-11-09,0.9999,5656279369,37050115355,"USDC",-9.9999999999989e-05
2024-11-08,0.9997,9887580646,37179447039,"USDC",-0.000299999999999967
2024-11-07,1,11496612662,36873610389,"USDC",0
2024-11-06,1,18761282529,36809790893,"USDC",0
2024-11-05,1,7134708417,35533345943,"USDC",0
2024-11-04,1.0002,7276116614,35082805082,"USDC",0.000199999999999978
2024-11-03,0.9999,5813342971,34894272759,"USDC",-9.9999999999989e-05
2024-11-02,1,3452412889,34872529332,"USDC",0
2024-11-01,0.9998,9015564727,34866240688,"USDC",-0.000199999999999978
2024-10-31,1,8076588759,34771275132,"USDC",0
2024-10-30,0.9998,7228206285,35048719370,"USDC",-0.000199999999999978
2024-10-29,0.9999,9596165797,34858101581,"USDC",-9.9999999999989e-05
2024-10-28,0.9999,7852957302,34720167435,"USDC",-9.9999999999989e-05
2024-10-27,1,3435115036,34670492182,"USDC",0
2024-10-26,0.9998,4501871708,34672342723,"USDC",-0.000199999999999978
2024-10-25,0.9998,10349261606,34672547241,"USDC",-0.000199999999999978
2024-10-24,1,6751752975,34461982972,"USDC",0
2024-10-23,1,7180272273,34362373870,"USDC",0
2024-10-22,0.9999,6299084767,34581388384,"USDC",-9.9999999999989e-05
2024-10-21,0.9999,6942827868,34700838142,"USDC",-9.9999999999989e-05
2024-10-20,0.9999,3407729614,35000529886,"USDC",-9.9999999999989e-05
2024-10-19,1,2433012234,34985105248,"USDC",0
2024-10-18,0.9999,6032177392,34963291660,"USDC",-9.9999999999989e-05
2024-10-17,0.9999,5414632057,34779230796,"USDC",-9.9999999999989e-05
2024-10-16,0.9998,6696380074,34841765640,"USDC",-0.000199999999999978
2024-10-15,0.9999,8158392140,34904471087,"USDC",-9.9999999999989e-05
2024-10-14,0.9998,7287349529,34873917511,"USDC",-0.000199999999999978
2024-10-13,0.9998,2864489654,35019996124,"USDC",-0.000199999999999978
2024-10-12,0.9999,2688400173,35043099700,"USDC",-9.9999999999989e-05
2024-10-11,0.9999,5062260065,34978336002,"USDC",-9.9999999999989e-05
2024-10-10,1,5487546707,34727343364,"USDC",0
2024-10-09,0.9998,5488861733,34775274526,"USDC",-0.000199999999999978
2024-10-08,0.9999,6015193014,35055363119,"USDC",-9.9999999999989e-05
2024-10-07,1.0001,6657443142,35335012726,"USDC",9.9999999999989e-05
2024-10-06,0.9999,2566380267,35576366234,"USDC",-9.9999999999989e-05
2024-10-05,1,2483346552,35567126463,"USDC",0
2024-10-04,1.0001,6045872517,35519773385,"USDC",9.9999999999989e-05
2024-10-03,1.0001,6648292023,35557853250,"USDC",9.9999999999989e-05
2024-10-02,1,6994868258,35556092933,"USDC",0
2024-10-01,1,10848900888,35522313480,"USDC",0
2024-09-30,0.9999,6665769413,35552818507,"USDC",-9.9999999999989e-05
2024-09-29,0.9999,3054087540,36240860154,"USDC",-9.9999999999989e-05
2024-09-28,1,2872721698,36274507077,"USDC",0
2024-09-27,0.9999,5842305183,36284126728,"USDC",-9.9999999999989e-05
2024-09-26,1.0001,6835010999,36302131115,"USDC",9.9999999999989e-05
2024-09-25,1,5027597589,36087354032,"USDC",0
2024-09-24,0.9999,6354408025,35997542347,"USDC",-9.9999999999989e-05
2024-09-23,1,6075070143,35870492117,"USDC",0
2024-09-22,1,3722435881,35933879379,"USDC",0
2024-09-21,1.0002,2570745139,35867727597,"USDC",0.000199999999999978
2024-09-20,1,6050168399,35794502073,"USDC",0
2024-09-19,0.9999,7071100441,35619383352,"USDC",-9.9999999999989e-05
2024-09-18,0.9998,6960600328,35512106025,"USDC",-0.000199999999999978
2024-09-17,0.9998,6832779460,35608017332,"USDC",-0.000199999999999978
2024-09-16,0.9999,6009825679,35469454131,"USDC",-9.9999999999989e-05
2024-09-15,1.0001,3316385139,35722812130,"USDC",9.9999999999989e-05
2024-09-14,0.9999,3141619292,35748436148,"USDC",-9.9999999999989e-05
2024-09-13,1.0002,5979995702,35771339915,"USDC",0.000199999999999978
2024-09-12,1,5583428255,35409914456,"USDC",0
2024-09-11,1,6194531532,35372208037,"USDC",0
2024-09-10,0.9999,4970979431,35337467139,"USDC",-9.9999999999989e-05
2024-09-09,0.9999,6525561297,35147751483,"USDC",-9.9999999999989e-05
2024-09-08,0.9999,3426790820,35012771109,"USDC",-9.9999999999989e-05
2024-09-07,1,3252565092,34956617413,"USDC",0
2024-09-06,1.0001,10002129981,34857225240,"USDC",9.9999999999989e-05
2024-09-05,1,5761221107,34921370707,"USDC",0
2024-09-04,1,6477656833,34923024145,"USDC",0
2024-09-03,1,4872467519,34653688063,"USDC",0
2024-09-02,0.9999,4433901472,34783785342,"USDC",-9.9999999999989e-05
2024-09-01,1,3944521735,34742514869,"USDC",0
2024-08-31,1,1982580539,34722248475,"USDC",0
2024-08-30,1,6018973038,34743364135,"USDC",0
2024-08-29,1,6251270493,34649904697,"USDC",0
2024-08-28,0.9999,7652368988,34480918721,"USDC",-9.9999999999989e-05
2024-08-27,1,6943030162,34331919502,"USDC",0
2024-08-26,0.9999,5394349814,34566868583,"USDC",-9.9999999999989e-05
2024-08-25,1,3777049671,34806769558,"USDC",0
2024-08-24,0.9999,4057904148,34855095125,"USDC",-9.9999999999989e-05
2024-08-23,1,8562443281,34847290759,"USDC",0
2024-08-22,1,4782782342,34711612209,"USDC",0
2024-08-21,1,5665095199,34827070462,"USDC",0
2024-08-20,1,5325316305,34783602856,"USDC",0
2024-08-19,1.0002,4852810943,34926759734,"USDC",0.000199999999999978
2024-08-18,1.0005,3106041184,34824841549,"USDC",0.000499999999999945
2024-08-17,1,2312459420,34832565536,"USDC",0
2024-08-16,1,5554835179,34832561901,"USDC",0
2024-08-15,1.0001,7187161595,34570568861,"USDC",9.9999999999989e-05
2024-08-14,1,6330884911,34479752902,"USDC",0
2024-08-13,0.9999,5704692463,34490838602,"USDC",-9.9999999999989e-05
2024-08-12,0.9999,7736713766,34497285388,"USDC",-9.9999999999989e-05
2024-08-11,0.9998,4241023138,34456032565,"USDC",-0.000199999999999978
2024-08-10,1,2840668190,34462261317,"USDC",0
2024-08-09,1.0002,6203173859,34486372183,"USDC",0.000199999999999978
2024-08-08,0.9999,8609634275,34545550484,"USDC",-9.9999999999989e-05
2024-08-07,1.0001,9172640907,34508743387,"USDC",9.9999999999989e-05
2024-08-06,1.0002,10057433619,34241608205,"USDC",0.000199999999999978
2024-08-05,1,24826261611,33711723691,"USDC",0
2024-08-04,1,6455293009,33271648952,"USDC",0
2024-08-03,1.0001,5917141670,33128442511,"USDC",9.9999999999989e-05
2024-08-02,0.9999,8383547954,33004143201,"USDC",-9.9999999999989e-05
2024-08-01,1,7390211553,32961318065,"USDC",0
2024-07-31,1,5968875897,33353986831,"USDC",0
2024-07-30,1,5332646102,33463345382,"USDC",0
2024-07-29,1,6797227757,33776561879,"USDC",0
2024-07-28,0.9999,3031560130,34148900491,"USDC",-9.9999999999989e-05
2024-07-27,1.0001,5532713251,34157184979,"USDC",9.9999999999989e-05
2024-07-26,1.0002,5793637323,34131195324,"USDC",0.000199999999999978
2024-07-25,1,7654250854,33802738509,"USDC",0
2024-07-24,0.9999,5549791333,34047159029,"USDC",-9.9999999999989e-05
2024-07-23,1,8082893148,34161330968,"USDC",0
2024-07-22,1,5765488048,33997222238,"USDC",0
2024-07-21,1,5265680633,34004085776,"USDC",0
2024-07-20,1.0001,3884141780,34120431786,"USDC",9.9999999999989e-05
2024-07-19,1,7526347950,33970314568,"USDC",0
2024-07-18,0.9999,5968408600,33717318945,"USDC",-9.9999999999989e-05
2024-07-17,1.0001,6728358080,33787173932,"USDC",9.9999999999989e-05
2024-07-16,1.0001,7796844852,33959490389,"USDC",9.9999999999989e-05
2024-07-15,1.0001,7433084707,33935716597,"USDC",9.9999999999989e-05
2024-07-14,0.9999,4256989618,33946413696,"USDC",-9.9999999999989e-05
2024-07-13,1.0001,3212398138,33940485863,"USDC",9.9999999999989e-05
2024-07-12,1,5327947652,33862806289,"USDC",0
2024-07-11,1,6096076403,33929137671,"USDC",0
2024-07-10,0.9999,5380030813,34119688373,"USDC",-9.9999999999989e-05
2024-07-09,1,5416525622,33980426210,"USDC",0
2024-07-08,0.9999,8124831163,33947540461,"USDC",-9.9999999999989e-05
2024-07-07,0.9999,3667249702,33733965979,"USDC",-9.9999999999989e-05
2024-07-06,0.9999,3574500456,33719491517,"USDC",-9.9999999999989e-05
2024-07-05,1,10285011034,33598897025,"USDC",0
2024-07-04,0.9999,7220316786,32913650569,"USDC",-9.9999999999989e-05
2024-07-03,0.9999,5941703427,32774372216,"USDC",-9.9999999999989e-05
2024-07-02,0.9999,4088170748,32570064785,"USDC",-9.9999999999989e-05
2024-07-01,0.9999,4714986074,32538317664,"USDC",-9.9999999999989e-05
2024-06-30,0.9999,3501717888,32254812372,"USDC",-9.9999999999989e-05
2024-06-29,0.9998,2662005047,32275408222,"USDC",-0.000199999999999978
2024-06-28,1,5731112290,32337256882,"USDC",0
2024-06-27,0.9998,5254114011,32644042127,"USDC",-0.000199999999999978
2024-06-26,0.9998,4964437157,32970644876,"USDC",-0.000199999999999978
2024-06-25,1,5991607536,32823694835,"USDC",0
2024-06-24,1.0001,8141512257,32560362293,"USDC",9.9999999999989e-05
2024-06-23,0.9999,2542629622,32708576332,"USDC",-9.9999999999989e-05
2024-06-22,1,2459845315,32750154591,"USDC",0
2024-06-21,1,5778982985,32723652290,"USDC",0
2024-06-20,1,5213531694,32657733578,"USDC",0
2024-06-19,1.0001,4457463559,32821726089,"USDC",9.9999999999989e-05
2024-06-18,1,7136467512,32810640592,"USDC",0
2024-06-17,1.0001,5844947783,32489338477,"USDC",9.9999999999989e-05
2024-06-16,1,2632098818,32512888197,"USDC",0
2024-06-15,1.0001,2755427647,32446061818,"USDC",9.9999999999989e-05
2024-06-14,0.9999,6091367068,32396038163,"USDC",-9.9999999999989e-05
2024-06-13,1,5971089832,32527150782,"USDC",0
2024-06-12,1,6871867010,32374242031,"USDC",0
2024-06-11,1.0001,6723356948,32134661680,"USDC",9.9999999999989e-05
2024-06-10,0.9999,4910419104,32109033320,"USDC",-9.9999999999989e-05
2024-06-09,1,2509473567,32212914443,"USDC",0
2024-06-08,1,3059267864,32185405326,"USDC",0
2024-06-07,1.0001,7530255040,32281427193,"USDC",9.9999999999989e-05
2024-06-06,0.9998,5526353581,32545239968,"USDC",-0.000199999999999978
2024-06-05,1,6274992543,32554298741,"USDC",0
2024-06-04,1.0001,6054685985,32374187233,"USDC",9.9999999999989e-05
2024-06-03,1,5759511394,32338899738,"USDC",0
2024-06-02,0.9999,3180459748,32360543488,"USDC",-9.9999999999989e-05
2024-06-01,1,2558109472,32371283336,"USDC",0
2024-05-31,1.0001,6257893920,32331016581,"USDC",9.9999999999989e-05
2024-05-30,1,6596463941,32371510245,"USDC",0
2024-05-29,1,6200045453,32207836628,"USDC",0
2024-05-28,1,7130885149,32339842615,"USDC",0
2024-05-27,1,5846002184,32561595261,"USDC",0
2024-05-26,1,4006530902,32642522111,"USDC",0
2024-05-25,0.9999,2916318920,32722480969,"USDC",-9.9999999999989e-05
2024-05-24,1.0001,6974788144,32761261323,"USDC",9.9999999999989e-05
2024-05-23,1.0001,10711191548,32751763048,"USDC",9.9999999999989e-05
2024-05-22,0.9999,7995414894,33106047537,"USDC",-9.9999999999989e-05
2024-05-21,1,10821965697,33098670255,"USDC",0
2024-05-20,0.9999,9745625023,33345294903,"USDC",-9.9999999999989e-05
2024-05-19,1,3531934053,33497672912,"USDC",0
2024-05-18,1.0001,3748984171,33475897742,"USDC",9.9999999999989e-05
2024-05-17,1,6590780561,33436791997,"USDC",0
2024-05-16,1,6684369918,33293467008,"USDC",0
2024-05-15,1.0001,8085028154,33240776232,"USDC",9.9999999999989e-05
2024-05-14,1.0001,5790525927,32885692648,"USDC",9.9999999999989e-05
2024-05-13,1,5504768753,33079484968,"USDC",0
2024-05-12,1,2560805182,33129958998,"USDC",0
2024-05-11,1,3228859416,33125842112,"USDC",0
2024-05-10,1.0001,5916392041,33111872883,"USDC",9.9999999999989e-05
2024-05-09,1.0001,5118793775,33075967093,"USDC",9.9999999999989e-05
2024-05-08,0.9999,5502550653,33084070430,"USDC",-9.9999999999989e-05
2024-05-07,0.9998,5575954842,33284681978,"USDC",-0.000199999999999978
2024-05-06,1,6005322108,33243428775,"USDC",0
2024-05-05,1.0002,4318363603,33618199268,"USDC",0.000199999999999978
2024-05-04,1.0001,5593446561,33568625551,"USDC",9.9999999999989e-05
2024-05-03,1.0002,7138386537,33410006808,"USDC",0.000199999999999978
2024-05-02,1.0001,7331043686,33167200644,"USDC",9.9999999999989e-05
2024-05-01,1,9451759014,32995543713,"USDC",0
2024-04-30,0.9999,8551034898,33206036196,"USDC",-9.9999999999989e-05
2024-04-29,1,6353850718,33327731767,"USDC",0
2024-04-28,1.0001,4003587751,33500399323,"USDC",9.9999999999989e-05
2024-04-27,1,4837869303,33486451872,"USDC",0
2024-04-26,1.0001,6238863810,33389487896,"USDC",9.9999999999989e-05
2024-04-25,1,7296808841,33354452182,"USDC",0
2024-04-24,1.0005,7285867078,33417981493,"USDC",0.000499999999999945
2024-04-23,1,5682840288,33636596714,"USDC",0
2024-04-22,1.0001,7099413055,33797045596,"USDC",9.9999999999989e-05
2024-04-21,1,4622993536,33943490879,"USDC",0
2024-04-20,1.0001,5172051416,33956406955,"USDC",9.9999999999989e-05
2024-04-19,1.0001,11026707590,33903114125,"USDC",9.9999999999989e-05
2024-04-18,1.0002,8537096534,33091006375,"USDC",0.000199999999999978
2024-04-17,1,8797320706,32578893522,"USDC",0
2024-04-16,1,9306979016,32602852372,"USDC",0
2025-04-14,0.9999,917634136,5364886196,"DAI",-9.9999999999989e-05
2025-04-13,0.9999,906552900,5364888414,"DAI",-9.9999999999989e-05
2025-04-12,1.0002,1949145607,5366556442,"DAI",0.000199999999999978
2025-04-11,0.9999,2674714765,5364920468,"DAI",-9.9999999999989e-05
2025-04-10,0.9997,2703739633,5363795244,"DAI",-0.000299999999999967
2025-04-09,1.0001,2329322402,5365988753,"DAI",9.9999999999989e-05
2025-04-08,1,2421758350,5365543908,"DAI",0
2025-04-07,1,2608403464,5365240959,"DAI",0
2025-04-06,1.0001,167536180,5365707028,"DAI",9.9999999999989e-05
2025-04-05,1.0001,49630633,5365747009,"DAI",9.9999999999989e-05
2025-04-04,1,94157151,5365417575,"DAI",0
2025-04-03,1,119176858,5365292981,"DAI",0
2025-04-02,0.9997,126789276,5363984740,"DAI",-0.000299999999999967
2025-04-01,1.0001,107133929,5365727014,"DAI",9.9999999999989e-05
2025-03-31,0.9999,129665780,5364830291,"DAI",-9.9999999999989e-05
2025-03-30,1,90889485,5365147454,"DAI",0
2025-03-29,1,101594922,5365520002,"DAI",0
2025-03-28,1,140201360,5365134425,"DAI",0
2025-03-27,0.9999,130896072,5364880670,"DAI",-9.9999999999989e-05
2025-03-26,1,128104600,5365314412,"DAI",0
2025-03-25,1.0001,96704428,5365842485,"DAI",9.9999999999989e-05
2025-03-24,1.0001,147714803,5366000868,"DAI",9.9999999999989e-05
2025-03-23,1.0003,123592264,5366915999,"DAI",0.000299999999999967
2025-03-22,1.0002,132704426,5366196424,"DAI",0.000199999999999978
2025-03-21,1,101504530,5365250324,"DAI",0
2025-03-20,1.0001,179914361,5365764784,"DAI",9.9999999999989e-05
2025-03-19,1.0002,153320408,5366508232,"DAI",0.000199999999999978
2025-03-18,1,137300490,5365523760,"DAI",0
2025-03-17,1,114894218,5365549312,"DAI",0
2025-03-16,1.0001,107872775,5366113332,"DAI",9.9999999999989e-05
2025-03-15,1,97002103,5365600956,"DAI",0
2025-03-14,1,85656709,5365495165,"DAI",0
2025-03-13,1,108848472,5365471480,"DAI",0
2025-03-12,1,110290526,5365220375,"DAI",0
2025-03-11,1,129942054,5365188611,"DAI",0
2025-03-10,1,195263152,5365416541,"DAI",0
2025-03-09,0.9999,103327868,5364613782,"DAI",-9.9999999999989e-05
2025-03-08,1,72594324,5365588093,"DAI",0
2025-03-07,1.0001,143423809,5365903955,"DAI",9.9999999999989e-05
2025-03-06,1,99615838,5365586001,"DAI",0
2025-03-05,1.0001,108505195,5365938123,"DAI",9.9999999999989e-05
2025-03-04,0.9999,144738453,5364789509,"DAI",-9.9999999999989e-05
2025-03-03,1,191778456,5365518547,"DAI",0
2025-03-02,1.0001,215560594,5365962927,"DAI",9.9999999999989e-05
2025-03-01,0.9999,135498158,5364965545,"DAI",-9.9999999999989e-05
2025-02-28,0.9998,278565074,5364535442,"DAI",-0.000199999999999978
2025-02-27,1,202243110,5365285398,"DAI",0
2025-02-26,0.9997,241557713,5364006177,"DAI",-0.000299999999999967
2025-02-25,0.9996,344276475,5363301261,"DAI",-0.000399999999999956
2025-02-24,1,383871924,5365194061,"DAI",0
2025-02-23,0.9999,254328922,5364792289,"DAI",-9.9999999999989e-05
2025-02-22,1.0002,135991073,5366641615,"DAI",0.000199999999999978
2025-02-21,1,286909993,5365440416,"DAI",0
2025-02-20,0.9999,228157187,5364837112,"DAI",-9.9999999999989e-05
2025-02-19,1,154452586,5365549956,"DAI",0
2025-02-18,0.9998,252649516,5364263965,"DAI",-0.000199999999999978
2025-02-17,1,191908089,5365438164,"DAI",0
2025-02-16,1.0002,179240018,5366246449,"DAI",0.000199999999999978
2025-02-15,1.0001,185001605,5365666881,"DAI",9.9999999999989e-05
2025-02-14,0.9998,225998403,5364484002,"DAI",-0.000199999999999978
2025-02-13,1.0002,229378401,5366637587,"DAI",0.000199999999999978
2025-02-12,0.9999,254703110,5364979943,"DAI",-9.9999999999989e-05
2025-02-11,0.9999,215004082,5364922577,"DAI",-9.9999999999989e-05
2025-02-10,1,201771310,5365623602,"DAI",0
2025-02-09,1.0002,151379837,5366245235,"DAI",0.000199999999999978
2025-02-08,1.0002,208617828,5366582974,"DAI",0.000199999999999978
2025-02-07,1,236660496,5365620455,"DAI",0
2025-02-06,1,244345136,5365521476,"DAI",0
2025-02-05,0.9999,256658723,5364737487,"DAI",-9.9999999999989e-05
2025-02-04,0.9998,363462036,5364060000,"DAI",-0.000199999999999978
2025-02-03,0.9999,580415589,5365034437,"DAI",-9.9999999999989e-05
2025-02-02,0.9998,244026430,5364083824,"DAI",-0.000199999999999978
2025-02-01,0.9999,162806154,5364745125,"DAI",-9.9999999999989e-05
2025-01-31,1.0001,184116121,5365729037,"DAI",9.9999999999989e-05
2025-01-30,1.0001,183415279,5365689208,"DAI",9.9999999999989e-05
2025-01-29,1.0001,185046319,5365727253,"DAI",9.9999999999989e-05
2025-01-28,0.9999,227533547,5364889176,"DAI",-9.9999999999989e-05
2025-01-27,1.0002,282685342,5366710060,"DAI",0.000199999999999978
2025-01-26,1,175238404,5365571404,"DAI",0
2025-01-25,1.0002,165611457,5366528782,"DAI",0.000199999999999978
2025-01-24,0.9999,244286364,5364905819,"DAI",-9.9999999999989e-05
2025-01-23,0.9999,406869174,5364829495,"DAI",-9.9999999999989e-05
2025-01-22,1.0003,163113418,5366866520,"DAI",0.000299999999999967
2025-01-21,1.0001,242991494,5365715362,"DAI",9.9999999999989e-05
2025-01-20,0.9999,197354894,5364933551,"DAI",-9.9999999999989e-05
2025-01-19,0.9999,159702212,5364684243,"DAI",-9.9999999999989e-05
2025-01-18,0.9998,131839595,5364515131,"DAI",-0.000199999999999978
2025-01-17,1.0001,109508708,5366022326,"DAI",9.9999999999989e-05
2025-01-16,1.0001,85805078,5365765397,"DAI",9.9999999999989e-05
2025-01-15,1.0003,106770837,5367236953,"DAI",0.000299999999999967
2025-01-14,0.9999,97164840,5365075870,"DAI",-9.9999999999989e-05
2025-01-13,1.0001,140995236,5366119971,"DAI",9.9999999999989e-05
2025-01-12,1,51795443,5365422153,"DAI",0
2025-01-11,1.0001,76217572,5366046603,"DAI",9.9999999999989e-05
2025-01-10,1.0002,101239487,5366298424,"DAI",0.000199999999999978
2025-01-09,1.0001,121207435,5366088510,"DAI",9.9999999999989e-05
2025-01-08,1,97127252,5365074413,"DAI",0
2025-01-07,1,125436329,5365522341,"DAI",0
2025-01-06,1.0003,122104566,5366839545,"DAI",0.000299999999999967
2025-01-05,1,82904806,5365511628,"DAI",0
2025-01-04,1.0003,97376055,5367004888,"DAI",0.000299999999999967
2025-01-03,1.0002,123800425,5366331156,"DAI",0.000199999999999978
2025-01-02,0.9999,128561422,5364788997,"DAI",-9.9999999999989e-05
2025-01-01,0.9998,135438825,5364270624,"DAI",-0.000199999999999978
2024-12-31,0.9997,107701052,5363697193,"DAI",-0.000299999999999967
2024-12-30,0.9998,184329356,5364246014,"DAI",-0.000199999999999978
2024-12-29,1,126412270,5365338556,"DAI",0
2024-12-28,0.9999,117758070,5364595253,"DAI",-9.9999999999989e-05
2024-12-27,0.9996,113117228,5363334128,"DAI",-0.000399999999999956
2024-12-26,0.9998,128937558,5364102581,"DAI",-0.000199999999999978
2024-12-25,1.0001,115355291,5365955837,"DAI",9.9999999999989e-05
2024-12-24,1.0001,144803653,5366173553,"DAI",9.9999999999989e-05
2024-12-23,0.9997,162123396,5363523643,"DAI",-0.000299999999999967
2024-12-22,0.9997,168777328,5363498144,"DAI",-0.000299999999999967
2024-12-21,1.0001,164004869,5366017856,"DAI",9.9999999999989e-05
2024-12-20,1,227766394,5365572267,"DAI",0
2024-12-19,0.9999,198741624,5364974675,"DAI",-9.9999999999989e-05
2024-12-18,0.9998,132898238,5364240712,"DAI",-0.000199999999999978
2024-12-17,1,96792931,5365037634,"DAI",0
2024-12-16,1.0001,173393002,5366031079,"DAI",9.9999999999989e-05
2024-12-15,0.9999,110328924,5365021823,"DAI",-9.9999999999989e-05
2024-12-14,0.9999,105713550,5364932480,"DAI",-9.9999999999989e-05
2024-12-13,1,127037578,5365639214,"DAI",0
2024-12-12,1,135758833,5365291033,"DAI",0
2024-12-11,1.0001,117411789,5365714435,"DAI",9.9999999999989e-05
2024-12-10,1,133467181,5365728083,"DAI",0
2024-12-09,1.0003,218537185,5366700530,"DAI",0.000299999999999967
2024-12-08,1.0001,152252888,5365767610,"DAI",9.9999999999989e-05
2024-12-07,1.0001,129642936,5366148675,"DAI",9.9999999999989e-05
2024-12-06,1.0001,201140912,5365986844,"DAI",9.9999999999989e-05
2024-12-05,1,184106934,5365388545,"DAI",0
2024-12-04,1.0002,165689057,5366531890,"DAI",0.000199999999999978
2024-12-03,1.0001,176374998,5366141820,"DAI",9.9999999999989e-05
2024-12-02,1.0002,302367973,5366388855,"DAI",0.000199999999999978
2024-12-01,1.0001,81123294,5366154030,"DAI",9.9999999999989e-05
2024-11-30,0.9999,92593752,5364584318,"DAI",-9.9999999999989e-05
2024-11-29,0.9997,126597366,5363993073,"DAI",-0.000299999999999967
2024-11-28,0.9999,127547753,5364745309,"DAI",-9.9999999999989e-05
2024-11-27,0.9999,173682769,5364770586,"DAI",-9.9999999999989e-05
2024-11-26,0.9998,238841040,5364510610,"DAI",-0.000199999999999978
2024-11-25,0.9997,209445709,5363769728,"DAI",-0.000299999999999967
2024-11-24,1.0002,100403043,5366157993,"DAI",0.000199999999999978
2024-11-23,0.9996,152457174,5363299408,"DAI",-0.000399999999999956
2024-11-22,1,147159586,5365537655,"DAI",0
2024-11-21,1,187653112,5365415876,"DAI",0
2024-11-20,0.9997,156238178,5363536484,"DAI",-0.000299999999999967
2024-11-19,1,147004945,5365151422,"DAI",0
2024-11-18,0.9999,134762449,5364969635,"DAI",-9.9999999999989e-05
2024-11-17,1,88374590,5365139431,"DAI",0
2024-11-16,0.9998,75004422,5364471439,"DAI",-0.000199999999999978
2024-11-15,0.9998,144862323,5364413523,"DAI",-0.000199999999999978
2024-11-14,0.9998,159702853,5364167966,"DAI",-0.000199999999999978
2024-11-13,0.9999,208356583,5364692611,"DAI",-9.9999999999989e-05
2024-11-12,0.9997,261590564,5363972562,"DAI",-0.000299999999999967
2024-11-11,0.9998,216404342,5364200264,"DAI",-0.000199999999999978
2024-11-10,0.9999,130592930,5364441807,"DAI",-9.9999999999989e-05
2024-11-09,0.9998,90463844,5364330174,"DAI",-0.000199999999999978
2024-11-08,0.9997,147736612,5363800865,"DAI",-0.000299999999999967
2024-11-07,0.9997,191840061,5363530603,"DAI",-0.000299999999999967
2024-11-06,0.9998,190979952,5364448447,"DAI",-0.000199999999999978
2024-11-05,1,82896690,5365242013,"DAI",0
2024-11-04,1,73620122,5365229537,"DAI",0
2024-11-03,1,71998070,5365314785,"DAI",0
2024-11-02,0.9999,43195258,5365108978,"DAI",-9.9999999999989e-05
2024-11-01,0.9997,91694723,5364034712,"DAI",-0.000299999999999967
2024-10-31,0.9998,119321108,5364124898,"DAI",-0.000199999999999978
2024-10-30,0.9998,82432645,5364411312,"DAI",-0.000199999999999978
2024-10-29,0.9999,115431469,5365108039,"DAI",-9.9999999999989e-05
2024-10-28,0.9999,87891030,5364720103,"DAI",-9.9999999999989e-05
2024-10-27,0.9998,44441167,5364271985,"DAI",-0.000199999999999978
2024-10-26,0.9997,70698103,5363801493,"DAI",-0.000299999999999967
2024-10-25,0.9997,137930118,5363630506,"DAI",-0.000299999999999967
2024-10-24,0.9999,77306302,5365001194,"DAI",-9.9999999999989e-05
2024-10-23,0.9999,92809588,5365122897,"DAI",-9.9999999999989e-05
2024-10-22,0.9997,77292552,5363858277,"DAI",-0.000299999999999967
2024-10-21,0.9998,149632784,5364055350,"DAI",-0.000199999999999978
2024-10-20,0.9997,70803889,5363915143,"DAI",-0.000299999999999967
2024-10-19,0.9998,44236959,5364245315,"DAI",-0.000199999999999978
2024-10-18,0.9998,77343915,5364370310,"DAI",-0.000199999999999978
2024-10-17,0.9999,66997815,5364600103,"DAI",-9.9999999999989e-05
2024-10-16,0.9998,83190689,5364277393,"DAI",-0.000199999999999978
2024-10-15,1,92579466,5365363231,"DAI",0
2024-10-14,0.9999,98736261,5364739269,"DAI",-9.9999999999989e-05
2024-10-13,0.9998,58671569,5364293613,"DAI",-0.000199999999999978
2024-10-12,0.9999,57221721,5364778621,"DAI",-9.9999999999989e-05
2024-10-11,0.9999,87026413,5364665391,"DAI",-9.9999999999989e-05
2024-10-10,0.9999,115980968,5364583825,"DAI",-9.9999999999989e-05
2024-10-09,0.9996,81913202,5363473833,"DAI",-0.000399999999999956
2024-10-08,0.9998,107764332,5364537131,"DAI",-0.000199999999999978
2024-10-07,0.9998,74634974,5364477903,"DAI",-0.000199999999999978
2024-10-06,0.9998,73518559,5364217728,"DAI",-0.000199999999999978
2024-10-05,0.9999,47403442,5364966641,"DAI",-9.9999999999989e-05
2024-10-04,0.9999,77678968,5364700659,"DAI",-9.9999999999989e-05
2024-10-03,0.9999,121953843,5364757637,"DAI",-9.9999999999989e-05
2024-10-02,1,89744440,5365378605,"DAI",0
2024-10-01,1.0001,119752013,5365918957,"DAI",9.9999999999989e-05
2024-09-30,0.9998,94638707,5364209916,"DAI",-0.000199999999999978
2024-09-29,0.9999,45367369,5364735328,"DAI",-9.9999999999989e-05
2024-09-28,0.9998,62998598,5364481549,"DAI",-0.000199999999999978
2024-09-27,1,85307884,5365150130,"DAI",0
2024-09-26,1.0001,97477056,5365893132,"DAI",9.9999999999989e-05
2024-09-25,1,79288036,5365500904,"DAI",0
2024-09-24,1,70790943,5365517388,"DAI",0
2024-09-23,1,76058543,5365176440,"DAI",0
2024-09-22,1.0001,62567913,5365834229,"DAI",9.9999999999989e-05
2024-09-21,1.0001,77833061,5365978407,"DAI",9.9999999999989e-05
2024-09-20,1,90731777,5365424520,"DAI",0
2024-09-19,1.0001,71475233,5365888909,"DAI",9.9999999999989e-05
2024-09-18,1,82168721,5365488161,"DAI",0
2024-09-17,0.9999,62694220,5364688518,"DAI",-9.9999999999989e-05
2024-09-16,0.9999,70211752,5364665968,"DAI",-9.9999999999989e-05
2024-09-15,0.9998,39955290,5364273028,"DAI",-0.000199999999999978
2024-09-14,1,40295155,5365393831,"DAI",0
2024-09-13,1.0003,52665549,5366955631,"DAI",0.000299999999999967
2024-09-12,1.0001,51084728,5365701439,"DAI",9.9999999999989e-05
2024-09-11,1,134681503,5365640490,"DAI",0
2024-09-10,0.9999,59564573,5364945564,"DAI",-9.9999999999989e-05
2024-09-09,1.0001,86637198,5365805214,"DAI",9.9999999999989e-05
2024-09-08,1,46489823,5365604358,"DAI",0
2024-09-07,1,74179399,5365455576,"DAI",0
2024-09-06,1.0002,124327519,5366302853,"DAI",0.000199999999999978
2024-09-05,0.9998,60766087,5364352574,"DAI",-0.000199999999999978
2024-09-04,0.9999,116164479,5365109122,"DAI",-9.9999999999989e-05
2024-09-03,0.9999,61729965,5364688107,"DAI",-9.9999999999989e-05
2024-09-02,0.9999,91107898,5364732604,"DAI",-9.9999999999989e-05
2024-09-01,0.9999,89996303,5364778195,"DAI",-9.9999999999989e-05
2024-08-31,0.9999,55164929,5364954000,"DAI",-9.9999999999989e-05
2024-08-30,1,89690313,5365111584,"DAI",0
2024-08-29,1,73932346,5365338540,"DAI",0
2024-08-28,0.9999,111472758,5364592702,"DAI",-9.9999999999989e-05
2024-08-27,1,111986589,5365154600,"DAI",0
2024-08-26,0.9999,92876686,5364673552,"DAI",-9.9999999999989e-05
2024-08-25,1,64866793,5365242527,"DAI",0
2024-08-24,1,87802585,5365212874,"DAI",0
2024-08-23,1,121020284,5365614826,"DAI",0
2024-08-22,0.9999,94647574,5365112510,"DAI",-9.9999999999989e-05
2024-08-21,1,96350599,5365173661,"DAI",0
2024-08-20,0.9999,102738500,5364628642,"DAI",-9.9999999999989e-05
2024-08-19,1,85291701,5365317269,"DAI",0
2024-08-18,0.9999,75437788,5364589581,"DAI",-9.9999999999989e-05
2024-08-17,1,75698599,5365195298,"DAI",0
2024-08-16,1,97135014,5347909204,"DAI",0
2024-08-15,0.9998,113282569,5346826056,"DAI",-0.000199999999999978
2024-08-14,1,106691138,5347797069,"DAI",0
2024-08-13,0.9999,112812351,5347588010,"DAI",-9.9999999999989e-05
2024-08-12,1,107575578,5347695527,"DAI",0
2024-08-11,0.9998,76670126,5346817456,"DAI",-0.000199999999999978
2024-08-10,0.9999,70649569,5347398154,"DAI",-9.9999999999989e-05
2024-08-09,1,125056490,5348043675,"DAI",0
2024-08-08,0.9999,144299554,5347525757,"DAI",-9.9999999999989e-05
2024-08-07,0.9998,170859316,5346820523,"DAI",-0.000199999999999978
2024-08-06,0.9998,215059746,5346941559,"DAI",-0.000199999999999978
2024-08-05,0.9999,623235429,5347387878,"DAI",-9.9999999999989e-05
2024-08-04,0.9998,170218255,5346921082,"DAI",-0.000199999999999978
2024-08-03,0.9998,113695905,5346929997,"DAI",-0.000199999999999978
2024-08-02,0.9998,150321017,5346566017,"DAI",-0.000199999999999978
2024-08-01,0.9998,132789360,5346975131,"DAI",-0.000199999999999978
2024-07-31,0.9998,75032904,5346788640,"DAI",-0.000199999999999978
2024-07-30,0.9999,103795846,5347168155,"DAI",-9.9999999999989e-05
2024-07-29,0.9998,128819528,5347032442,"DAI",-0.000199999999999978
2024-07-28,0.9999,101482050,5347563345,"DAI",-9.9999999999989e-05
2024-07-27,0.9999,130386209,5347255135,"DAI",-9.9999999999989e-05
2024-07-26,1,119472723,5347731369,"DAI",0
2024-07-25,0.9998,207653048,5346814962,"DAI",-0.000199999999999978
2024-07-24,1,163666244,5347882585,"DAI",0
2024-07-23,0.9999,183622879,5347349163,"DAI",-9.9999999999989e-05
2024-07-22,1,114161394,5347752629,"DAI",0
2024-07-21,0.9999,83553701,5347531494,"DAI",-9.9999999999989e-05
2024-07-20,0.9999,43604159,5347581886,"DAI",-9.9999999999989e-05
2024-07-19,1.0001,176984650,5348637050,"DAI",9.9999999999989e-05
2024-07-18,1,135700454,5347809176,"DAI",0
2024-07-17,0.9999,125978781,5347217141,"DAI",-9.9999999999989e-05
2024-07-16,1.0001,183327981,5348320344,"DAI",9.9999999999989e-05
2024-07-15,1.0001,142181648,5348332834,"DAI",9.9999999999989e-05
2024-07-14,1,129943340,5348088766,"DAI",0
2024-07-13,1,64219518,5348037052,"DAI",0
2024-07-12,1.0002,268273295,5349209465,"DAI",0.000199999999999978
2024-07-11,0.9999,184127604,5347611215,"DAI",-9.9999999999989e-05
2024-07-10,1,126527662,5347721822,"DAI",0
2024-07-09,1.0001,799913117,5348225618,"DAI",9.9999999999989e-05
2024-07-08,0.9998,840682155,5347057308,"DAI",-0.000199999999999978
2024-07-07,0.9997,812023081,5346416894,"DAI",-0.000299999999999967
2024-07-06,1.0001,806253866,5348501122,"DAI",9.9999999999989e-05
2024-07-05,1.0002,1293555178,5349045554,"DAI",0.000199999999999978
2024-07-04,1.0001,623111078,5348216201,"DAI",9.9999999999989e-05
2024-07-03,1,491997734,5347717062,"DAI",0
2024-07-02,0.9998,485803034,5346841937,"DAI",-0.000199999999999978
2024-07-01,1,452455363,5347843304,"DAI",0
2024-06-30,0.9998,327921946,5346920059,"DAI",-0.000199999999999978
2024-06-29,0.9998,302092508,5346713124,"DAI",-0.000199999999999978
2024-06-28,0.9998,404704827,5346925927,"DAI",-0.000199999999999978
2024-06-27,0.9997,407366033,5346545454,"DAI",-0.000299999999999967
2024-06-26,0.9999,319759830,5347484809,"DAI",-9.9999999999989e-05
2024-06-25,1.0001,379447233,5348243105,"DAI",9.9999999999989e-05
2024-06-24,0.9999,517218304,5347413711,"DAI",-9.9999999999989e-05
2024-06-23,0.9999,225594733,5347350948,"DAI",-9.9999999999989e-05
2024-06-22,1.0001,286200896,5348553338,"DAI",9.9999999999989e-05
2024-06-21,1.0001,432688046,5348528491,"DAI",9.9999999999989e-05
2024-06-20,1,479965468,5347721479,"DAI",0
2024-06-19,1.0001,469442545,5348240526,"DAI",9.9999999999989e-05
2024-06-18,0.9999,698180511,5347597012,"DAI",-9.9999999999989e-05
2024-06-17,1,363090027,5347895886,"DAI",0
2024-06-16,1,331790554,5348033592,"DAI",0
2024-06-15,0.9999,326399200,5347156433,"DAI",-9.9999999999989e-05
2024-06-14,0.9999,419647596,5347116402,"DAI",-9.9999999999989e-05
2024-06-13,0.9998,295237280,5347013425,"DAI",-0.000199999999999978
2024-06-12,1,335167826,5347990820,"DAI",0
2024-06-11,1,275956280,5347945626,"DAI",0
2024-06-10,0.9998,416329076,5347085801,"DAI",-0.000199999999999978
2024-06-09,0.9999,421483512,5347328730,"DAI",-9.9999999999989e-05
2024-06-08,0.9999,387763508,5347185681,"DAI",-9.9999999999989e-05
2024-06-07,1,303035854,5347796048,"DAI",0
2024-06-06,0.9997,245264170,5346552911,"DAI",-0.000299999999999967
2024-06-05,1.0001,298053305,5348330406,"DAI",9.9999999999989e-05
2024-06-04,1.0003,319616297,5349636727,"DAI",0.000299999999999967
2024-06-03,1,374126019,5348133587,"DAI",0
2024-06-02,0.9999,234992599,5347123478,"DAI",-9.9999999999989e-05
2024-06-01,1,222163762,5347703885,"DAI",0
2024-05-31,0.9999,300234663,5347219315,"DAI",-9.9999999999989e-05
2024-05-30,1.0001,334538709,5348466679,"DAI",9.9999999999989e-05
2024-05-29,0.9998,307689180,5346645321,"DAI",-0.000199999999999978
2024-05-28,0.9998,232621322,5346635876,"DAI",-0.000199999999999978
2024-05-27,0.9998,308103677,5346764875,"DAI",-0.000199999999999978
2024-05-26,0.9999,186517810,5347258838,"DAI",-9.9999999999989e-05
2024-05-25,1,263631076,5347922632,"DAI",0
2024-05-24,0.9999,316190561,5347135734,"DAI",-9.9999999999989e-05
2024-05-23,0.9998,423664361,5346937667,"DAI",-0.000199999999999978
2024-05-22,0.9999,407229316,5347115623,"DAI",-9.9999999999989e-05
2024-05-21,0.9999,642257626,5347406584,"DAI",-9.9999999999989e-05
2024-05-20,0.9999,821226566,5347329093,"DAI",-9.9999999999989e-05
2024-05-19,0.9999,523149353,5347280449,"DAI",-9.9999999999989e-05
2024-05-18,1,617527975,5348044357,"DAI",0
2024-05-17,1.0001,538183294,5348179056,"DAI",9.9999999999989e-05
2024-05-16,0.9999,483779907,5347399214,"DAI",-9.9999999999989e-05
2024-05-15,0.9999,729049935,5347561511,"DAI",-9.9999999999989e-05
2024-05-14,0.9999,797070857,5347281885,"DAI",-9.9999999999989e-05
2024-05-13,1,684188090,5347867099,"DAI",0
2024-05-12,0.9998,572981955,5346857434,"DAI",-0.000199999999999978
2024-05-11,0.9999,741923652,5347372624,"DAI",-9.9999999999989e-05
2024-05-10,0.9999,618043532,5347369225,"DAI",-9.9999999999989e-05
2024-05-09,1.0001,619673158,5348276213,"DAI",9.9999999999989e-05
2024-05-08,0.9999,711322908,5347197990,"DAI",-9.9999999999989e-05
2024-05-07,1.0001,593326614,5348362640,"DAI",9.9999999999989e-05
2024-05-06,1.0001,677236108,5348259166,"DAI",9.9999999999989e-05
2024-05-05,1.0001,565103348,5348583024,"DAI",9.9999999999989e-05
2024-05-04,1.0001,646982546,5348319748,"DAI",9.9999999999989e-05
2024-05-03,1.0005,701626657,5350475031,"DAI",0.000499999999999945
2024-05-02,1.0001,643349405,5348635908,"DAI",9.9999999999989e-05
2024-05-01,0.9998,817654846,5346577476,"DAI",-0.000199999999999978
2024-04-30,0.9999,668355865,5347235641,"DAI",-9.9999999999989e-05
2024-04-29,1.0002,658378901,5349027342,"DAI",0.000199999999999978
2024-04-28,1.0001,639625289,5348184645,"DAI",9.9999999999989e-05
2024-04-27,0.9998,547341761,5346798691,"DAI",-0.000199999999999978
2024-04-26,0.9999,655941322,5347488371,"DAI",-9.9999999999989e-05
2024-04-25,1,520662914,5347706167,"DAI",0
2024-04-24,1,429367843,5347844337,"DAI",0
2024-04-23,1,454682917,5347829813,"DAI",0
2024-04-22,1.0001,356383084,5348617561,"DAI",9.9999999999989e-05
2024-04-21,1.0002,343513151,5348789838,"DAI",0.000199999999999978
2024-04-20,1.0002,696004564,5348997080,"DAI",0.000199999999999978
2024-04-19,1.0002,1142968784,5348711211,"DAI",0.000199999999999978
2024-04-18,1,287247589,5348042382,"DAI",0
2024-04-17,1,812047452,5347746332,"DAI",0
2024-04-16,1,629275511,5348103114,"DAI",0
2025-04-14,0.9985,53125401,494749365,"TUSD",-0.00149999999999995
2025-04-13,0.9978,53013773,494413861,"TUSD",-0.00219999999999998
2025-04-12,0.9983,50583067,494657931,"TUSD",-0.00170000000000003
2025-04-11,0.998,50098673,494510980,"TUSD",-0.002
2025-04-10,0.9979,51956854,494494932,"TUSD",-0.00209999999999999
2025-04-09,0.9986,54161848,494842897,"TUSD",-0.00139999999999996
2025-04-08,0.9978,51914239,494420478,"TUSD",-0.00219999999999998
2025-04-07,0.9983,54987301,494653820,"TUSD",-0.00170000000000003
2025-04-06,0.9979,47816086,494478278,"TUSD",-0.00209999999999999
2025-04-05,0.9986,46618006,494842364,"TUSD",-0.00139999999999996
2025-04-04,0.9987,47476030,494874064,"TUSD",-0.00129999999999997
2025-04-03,0.9985,51054619,494784246,"TUSD",-0.00149999999999995
2025-04-02,0.999,57759534,495009457,"TUSD",-0.001
2025-04-01,0.9978,48613251,494426042,"TUSD",-0.00219999999999998
2025-03-31,0.9974,47257678,494248657,"TUSD",-0.00260000000000005
2025-03-30,0.9983,30680640,494660911,"TUSD",-0.00170000000000003
2025-03-29,0.9986,31063834,494843669,"TUSD",-0.00139999999999996
2025-03-28,0.9986,52957530,494839725,"TUSD",-0.00139999999999996
2025-03-27,0.9992,53620735,495122604,"TUSD",-0.000800000000000023
2025-03-26,0.9998,53354322,495418158,"TUSD",-0.000199999999999978
2025-03-25,1.0004,51129010,495704430,"TUSD",0.000399999999999956
2025-03-24,1,50002273,495503517,"TUSD",0
2025-03-23,0.9997,47946232,495356156,"TUSD",-0.000299999999999967
2025-03-22,0.9993,48010282,495180973,"TUSD",-0.000700000000000034
2025-03-21,0.999,50401368,495025157,"TUSD",-0.001
2025-03-20,0.9991,53972387,495049658,"TUSD",-0.000900000000000012
2025-03-19,0.9991,54160764,495062509,"TUSD",-0.000900000000000012
2025-03-18,0.9987,53023421,494858316,"TUSD",-0.00129999999999997
2025-03-17,0.9989,59090135,494947960,"TUSD",-0.00109999999999999
2025-03-16,0.9994,51103876,495218509,"TUSD",-0.000600000000000045
2025-03-15,0.9995,48648228,495266042,"TUSD",-0.000499999999999945
2025-03-14,0.9992,58051330,495134608,"TUSD",-0.000800000000000023
2025-03-13,0.9984,69831474,494702723,"TUSD",-0.00160000000000005
2025-03-12,0.9983,57719708,494698235,"TUSD",-0.00170000000000003
2025-03-11,0.9982,56733668,494638058,"TUSD",-0.00180000000000002
2025-03-10,0.9974,55597705,494234401,"TUSD",-0.00260000000000005
2025-03-09,0.9972,51685519,494151798,"TUSD",-0.00280000000000002
2025-03-08,0.9973,51970373,494165620,"TUSD",-0.00270000000000004
2025-03-07,0.9975,65825789,494242365,"TUSD",-0.00249999999999995
2025-03-06,0.9977,56107195,494375516,"TUSD",-0.00229999999999997
2025-03-05,0.9977,57792989,494362733,"TUSD",-0.00229999999999997
2025-03-04,0.9965,106230789,493766274,"TUSD",-0.00349999999999995
2025-03-03,0.9955,93673189,493310302,"TUSD",-0.00449999999999995
2025-03-02,0.9973,254217578,494178750,"TUSD",-0.00270000000000004
2025-03-01,0.9971,51085830,494055511,"TUSD",-0.00290000000000001
2025-02-28,0.9967,77708831,493856978,"TUSD",-0.00329999999999997
2025-02-27,0.9964,65448486,493709058,"TUSD",-0.00360000000000005
2025-02-26,0.9963,73196426,493665422,"TUSD",-0.00370000000000004
2025-02-25,0.9966,87156365,493827690,"TUSD",-0.00339999999999996
2025-02-24,0.997,55766026,494013891,"TUSD",-0.003
2025-02-23,0.9983,48979122,494689126,"TUSD",-0.00170000000000003
2025-02-22,0.9982,55248055,494636357,"TUSD",-0.00180000000000002
2025-02-21,0.9972,62334345,494107293,"TUSD",-0.00280000000000002
2025-02-20,0.9982,60624178,494599940,"TUSD",-0.00180000000000002
2025-02-19,0.9979,57024950,494461110,"TUSD",-0.00209999999999999
2025-02-18,0.9973,61794883,494196902,"TUSD",-0.00270000000000004
2025-02-17,0.9984,61171985,494713602,"TUSD",-0.00160000000000005
2025-02-16,0.9984,57159645,494745981,"TUSD",-0.00160000000000005
2025-02-15,0.9985,57254747,494796559,"TUSD",-0.00149999999999995
2025-02-14,0.9985,60812348,494791763,"TUSD",-0.00149999999999995
2025-02-13,0.9982,60896526,494608868,"TUSD",-0.00180000000000002
2025-02-12,0.9975,63157003,494265274,"TUSD",-0.00249999999999995
2025-02-11,0.9967,55500458,493860891,"TUSD",-0.00329999999999997
2025-02-10,0.9973,65318723,494164462,"TUSD",-0.00270000000000004
2025-02-09,0.997,79374482,494047344,"TUSD",-0.003
2025-02-08,0.9972,64014506,494141660,"TUSD",-0.00280000000000002
2025-02-07,0.9977,82379609,494384416,"TUSD",-0.00229999999999997
2025-02-06,0.9978,67004876,494442443,"TUSD",-0.00219999999999998
2025-02-05,0.998,63484524,494504149,"TUSD",-0.002
2025-02-04,0.9977,65055422,494393320,"TUSD",-0.00229999999999997
2025-02-03,0.9986,127801036,494834204,"TUSD",-0.00139999999999996
2025-02-02,0.9973,63406636,494155924,"TUSD",-0.00270000000000004
2025-02-01,0.9981,53326409,494552627,"TUSD",-0.00190000000000001
2025-01-31,0.9984,54056194,494712417,"TUSD",-0.00160000000000005
2025-01-30,0.9985,55610156,494786593,"TUSD",-0.00149999999999995
2025-01-29,0.9983,62730073,494689116,"TUSD",-0.00170000000000003
2025-01-28,0.9977,56403443,494400531,"TUSD",-0.00229999999999997
2025-01-27,0.9987,70235519,494881175,"TUSD",-0.00129999999999997
2025-01-26,0.9982,55137799,494640832,"TUSD",-0.00180000000000002
2025-01-25,0.9983,51047535,494667768,"TUSD",-0.00170000000000003
2025-01-24,0.9984,54643498,494713724,"TUSD",-0.00160000000000005
2025-01-23,0.9986,70220013,494807422,"TUSD",-0.00139999999999996
2025-01-22,0.9993,57426954,495164519,"TUSD",-0.000700000000000034
2025-01-21,0.9992,107066789,495135037,"TUSD",-0.000800000000000023
2025-01-20,0.9975,106845407,494268614,"TUSD",-0.00249999999999995
2025-01-19,0.9981,83589103,494579310,"TUSD",-0.00190000000000001
2025-01-18,0.9991,63966947,495052349,"TUSD",-0.000900000000000012
2025-01-17,1.0012,63720997,496091926,"TUSD",0.00120000000000009
2025-01-16,0.9996,59744814,495297425,"TUSD",-0.000399999999999956
2025-01-15,1.0003,61394380,495681690,"TUSD",0.000299999999999967
2025-01-14,0.9997,54215181,495350606,"TUSD",-0.000299999999999967
2025-01-13,1.0004,61416717,495701925,"TUSD",0.000399999999999956
2025-01-12,0.9995,47149584,495275004,"TUSD",-0.000499999999999945
2025-01-11,0.9999,42029724,495471629,"TUSD",-9.9999999999989e-05
2025-01-10,1.0001,52696842,495554521,"TUSD",9.9999999999989e-05
2025-01-09,1,55220795,495626192,"TUSD",0
2025-01-08,1,56090747,495610496,"TUSD",0
2025-01-07,1.0001,65121151,495656512,"TUSD",9.9999999999989e-05
2025-01-06,1.0011,58913510,496172416,"TUSD",0.0011000000000001
2025-01-05,1.0004,47744628,495789973,"TUSD",0.000399999999999956
2025-01-04,1.0006,49651675,495921290,"TUSD",0.000599999999999934
2025-01-03,0.9998,52527741,495480581,"TUSD",-0.000199999999999978
2025-01-02,0.9993,56027499,495273183,"TUSD",-0.000700000000000034
2025-01-01,0.9979,42661954,494574338,"TUSD",-0.00209999999999999
2024-12-31,0.9984,46388632,494811762,"TUSD",-0.00160000000000005
2024-12-30,0.9991,51507758,495162466,"TUSD",-0.000900000000000012
2024-12-29,0.9991,47603320,495171348,"TUSD",-0.000900000000000012
2024-12-28,0.9994,45420533,495294141,"TUSD",-0.000600000000000045
2024-12-27,0.9998,52818285,495514112,"TUSD",-0.000199999999999978
2024-12-26,0.9995,52162112,495368903,"TUSD",-0.000499999999999945
2024-12-25,1.0001,47620056,495634923,"TUSD",9.9999999999989e-05
2024-12-24,1.0004,48885256,495819108,"TUSD",0.000399999999999956
2024-12-23,1.0002,48439433,495688856,"TUSD",0.000199999999999978
2024-12-22,1.0006,50315113,495897012,"TUSD",0.000599999999999934
2024-12-21,1.001,58817045,496121040,"TUSD",0.00099999999999989
2024-12-20,1.002,74166002,496608138,"TUSD",0.002
2024-12-19,1.0019,81804172,496558869,"TUSD",0.00190000000000001
2024-12-18,1.0016,67787057,496374963,"TUSD",0.00160000000000005
2024-12-17,1.0038,63028315,497468089,"TUSD",0.00380000000000003
2024-12-16,1.0035,64638902,497330604,"TUSD",0.00350000000000006
2024-12-15,1.0054,54384260,498276932,"TUSD",0.00540000000000007
2024-12-14,1.0042,62434647,497690316,"TUSD",0.00419999999999998
2024-12-13,1.0042,53931732,497682399,"TUSD",0.00419999999999998
2024-12-12,1.0034,81794363,497306672,"TUSD",0.00340000000000007
2024-12-11,1.02,70127842,505498523,"TUSD",0.02
2024-12-10,1.0102,66449430,500646136,"TUSD",0.0102
2024-12-09,1.0194,73418419,505210730,"TUSD",0.0194000000000001
2024-12-08,1.0269,63801982,508949252,"TUSD",0.0268999999999999
2024-12-07,1.0224,62423772,506700495,"TUSD",0.0224
2024-12-06,1.0126,69381621,501870792,"TUSD",0.0125999999999999
2024-12-05,1.0064,74368835,498774166,"TUSD",0.00639999999999996
2024-12-04,1.0056,63427784,498354810,"TUSD",0.00560000000000005
2024-12-03,1.0045,68596296,497847995,"TUSD",0.00449999999999995
2024-12-02,1.0015,67482341,496324136,"TUSD",0.00150000000000006
2024-12-01,1.0025,52003929,496838512,"TUSD",0.00249999999999995
2024-11-30,1.0019,51259338,496536501,"TUSD",0.00190000000000001
2024-11-29,1.0015,54407333,496335441,"TUSD",0.00150000000000006
2024-11-28,1.0018,54083668,496491580,"TUSD",0.00180000000000002
2024-11-27,1.003,61357900,497067520,"TUSD",0.00299999999999989
2024-11-26,1.0024,63215053,496796649,"TUSD",0.00239999999999996
2024-11-25,0.9988,57025315,494983347,"TUSD",-0.00119999999999998
2024-11-24,0.9996,50995052,495344686,"TUSD",-0.000399999999999956
2024-11-23,0.9997,56072208,495462493,"TUSD",-0.000299999999999967
2024-11-22,1.001,59839219,496082374,"TUSD",0.00099999999999989
2024-11-21,1.0006,59672094,495913705,"TUSD",0.000599999999999934
2024-11-20,0.9997,54953044,495456056,"TUSD",-0.000299999999999967
2024-11-19,1.0004,57280829,495797597,"TUSD",0.000399999999999956
2024-11-18,0.9988,60958803,495030438,"TUSD",-0.00119999999999998
2024-11-17,0.9982,57725357,494708396,"TUSD",-0.00180000000000002
2024-11-16,0.9985,62142578,494835584,"TUSD",-0.00149999999999995
2024-11-15,0.9975,63553572,494385730,"TUSD",-0.00249999999999995
2024-11-14,0.9974,78980365,494331846,"TUSD",-0.00260000000000005
2024-11-13,0.9958,89441152,493520701,"TUSD",-0.00419999999999998
2024-11-12,1.0002,78162056,495703424,"TUSD",0.000199999999999978
2024-11-11,0.9995,63436814,495359729,"TUSD",-0.000499999999999945
2024-11-10,1,60268719,495610143,"TUSD",0
2024-11-09,0.9984,46725839,494790269,"TUSD",-0.00160000000000005
2024-11-08,0.9986,60062542,494909954,"TUSD",-0.00139999999999996
2024-11-07,0.9935,53270695,492375497,"TUSD",-0.00649999999999995
2024-11-06,0.9942,60561444,492741085,"TUSD",-0.00580000000000003
2024-11-05,0.9937,34333668,492467578,"TUSD",-0.00629999999999997
2024-11-04,0.9946,41160014,492946413,"TUSD",-0.00539999999999996
2024-11-03,0.9954,40687126,493339997,"TUSD",-0.00460000000000005
2024-11-02,0.9964,36423135,493799155,"TUSD",-0.00360000000000005
2024-11-01,0.996,70427284,493633618,"TUSD",-0.004
2024-10-31,0.9918,38301087,491542949,"TUSD",-0.00819999999999999
2024-10-30,0.994,44686215,492616072,"TUSD",-0.00600000000000001
2024-10-29,0.9958,66892206,493530953,"TUSD",-0.00419999999999998
2024-10-28,0.996,59979700,493595101,"TUSD",-0.004
2024-10-27,0.9958,35334160,493501214,"TUSD",-0.00419999999999998
2024-10-26,0.9959,38606828,493589887,"TUSD",-0.00409999999999999
2024-10-25,0.9952,40803217,493204093,"TUSD",-0.00480000000000003
2024-10-24,0.9958,34373518,493520196,"TUSD",-0.00419999999999998
2024-10-23,0.996,33456080,493624228,"TUSD",-0.004
2024-10-22,0.9968,33187321,494016415,"TUSD",-0.00319999999999998
2024-10-21,0.9971,33473047,494181460,"TUSD",-0.00290000000000001
2024-10-20,0.9979,34606240,494556954,"TUSD",-0.00209999999999999
2024-10-19,0.9977,31946863,494461042,"TUSD",-0.00229999999999997
2024-10-18,0.9978,36919406,494521806,"TUSD",-0.00219999999999998
2024-10-17,0.9972,37098881,494219966,"TUSD",-0.00280000000000002
2024-10-16,0.9973,38801036,494259944,"TUSD",-0.00270000000000004
2024-10-15,0.9972,42184370,494202832,"TUSD",-0.00280000000000002
2024-10-14,0.9974,38342101,494309207,"TUSD",-0.00260000000000005
2024-10-13,0.9978,30820834,494503666,"TUSD",-0.00219999999999998
2024-10-12,0.9975,30295225,494370608,"TUSD",-0.00249999999999995
2024-10-11,0.9968,30692670,494012627,"TUSD",-0.00319999999999998
2024-10-10,0.9961,31790640,493675937,"TUSD",-0.00390000000000001
2024-10-09,0.9963,32420520,493783014,"TUSD",-0.00370000000000004
2024-10-08,0.9975,33966067,494339349,"TUSD",-0.00249999999999995
2024-10-07,0.9972,37540127,494194136,"TUSD",-0.00280000000000002
2024-10-06,0.9977,30335126,494452859,"TUSD",-0.00229999999999997
2024-10-05,0.9977,29759259,494475030,"TUSD",-0.00229999999999997
2024-10-04,0.998,32646055,494600915,"TUSD",-0.002
2024-10-03,0.995,36981280,493107347,"TUSD",-0.005
2024-10-02,0.997,35708664,494104764,"TUSD",-0.003
2024-10-01,0.9975,34851242,494363781,"TUSD",-0.00249999999999995
2024-09-30,0.9979,34259128,494581594,"TUSD",-0.00209999999999999
2024-09-29,0.9989,32428708,495065331,"TUSD",-0.00109999999999999
2024-09-28,0.999,31175742,495112283,"TUSD",-0.001
2024-09-27,0.999,37009669,495127441,"TUSD",-0.001
2024-09-26,0.9991,37134645,495136303,"TUSD",-0.000900000000000012
2024-09-25,0.9987,30800425,494946708,"TUSD",-0.00129999999999997
2024-09-24,0.9992,30557885,495221999,"TUSD",-0.000800000000000023
2024-09-23,0.9988,30550304,495019195,"TUSD",-0.00119999999999998
2024-09-22,0.9993,30361861,495262935,"TUSD",-0.000700000000000034
2024-09-21,0.9988,28203902,494995397,"TUSD",-0.00119999999999998
2024-09-20,0.9989,34027712,495061345,"TUSD",-0.00109999999999999
2024-09-19,0.9991,34563716,495139572,"TUSD",-0.000900000000000012
2024-09-18,0.999,34135065,495090749,"TUSD",-0.001
2024-09-17,0.9989,34426723,495046965,"TUSD",-0.00109999999999999
2024-09-16,0.9984,44668280,494828101,"TUSD",-0.00160000000000005
2024-09-15,0.9986,41348616,494899028,"TUSD",-0.00139999999999996
2024-09-14,0.9988,29891198,495013669,"TUSD",-0.00119999999999998
2024-09-13,0.9991,33127454,495144706,"TUSD",-0.000900000000000012
2024-09-12,0.9984,29736596,494814818,"TUSD",-0.00160000000000005
2024-09-11,0.9985,28218107,494868045,"TUSD",-0.00149999999999995
2024-09-10,0.9986,27882118,494899875,"TUSD",-0.00139999999999996
2024-09-09,0.9987,31492063,494954758,"TUSD",-0.00129999999999997
2024-09-08,0.9992,28562192,495192024,"TUSD",-0.000800000000000023
2024-09-07,0.9983,86444207,494767965,"TUSD",-0.00170000000000003
2024-09-06,0.9984,42476756,494787554,"TUSD",-0.00160000000000005
2024-09-05,0.9983,30837677,494740080,"TUSD",-0.00170000000000003
2024-09-04,0.9985,31254679,494865969,"TUSD",-0.00149999999999995
2024-09-03,0.9985,29416972,494851164,"TUSD",-0.00149999999999995
2024-09-02,0.9987,33620721,494981404,"TUSD",-0.00129999999999997
2024-09-01,0.9989,32172609,495041074,"TUSD",-0.00109999999999999
2024-08-31,0.999,27163782,495096994,"TUSD",-0.001
2024-08-30,0.999,39356000,495107510,"TUSD",-0.001
2024-08-29,0.9995,38448767,495359211,"TUSD",-0.000499999999999945
2024-08-28,0.9997,42247454,495430640,"TUSD",-0.000299999999999967
2024-08-27,0.9998,42477652,495515906,"TUSD",-0.000199999999999978
2024-08-26,0.9999,35461473,495570480,"TUSD",-9.9999999999989e-05
2024-08-25,1.0006,33958902,495899130,"TUSD",0.000599999999999934
2024-08-24,1.0004,34621170,495815247,"TUSD",0.000399999999999956
2024-08-23,1.001,40333177,496100302,"TUSD",0.00099999999999989
2024-08-22,0.9998,33015844,495525373,"TUSD",-0.000199999999999978
2024-08-21,1,36798528,495595713,"TUSD",0
2024-08-20,0.9996,38704369,495415798,"TUSD",-0.000399999999999956
2024-08-19,0.9994,31881265,495293658,"TUSD",-0.000600000000000045
2024-08-18,0.9992,31708776,495197230,"TUSD",-0.000800000000000023
2024-08-17,0.9994,31276655,495294726,"TUSD",-0.000600000000000045
2024-08-16,0.9997,35352409,495462528,"TUSD",-0.000299999999999967
2024-08-15,0.9992,36725450,495180954,"TUSD",-0.000800000000000023
2024-08-14,0.9992,35055927,495201628,"TUSD",-0.000800000000000023
2024-08-13,0.9998,35898418,495496847,"TUSD",-0.000199999999999978
2024-08-12,0.9992,35055791,495228496,"TUSD",-0.000800000000000023
2024-08-11,0.9988,30088347,495007731,"TUSD",-0.00119999999999998
2024-08-10,0.9993,30755538,495272588,"TUSD",-0.000700000000000034
2024-08-09,0.9997,34866279,495457004,"TUSD",-0.000299999999999967
2024-08-08,0.9994,43964022,495317344,"TUSD",-0.000600000000000045
2024-08-07,0.9994,36528579,511893659,"TUSD",-0.000600000000000045
2024-08-06,0.9994,39735458,494896547,"TUSD",-0.000600000000000045
2024-08-05,0.9994,128357306,494902706,"TUSD",-0.000600000000000045
2024-08-04,0.9985,37081748,494450920,"TUSD",-0.00149999999999995
2024-08-03,0.9988,38092409,494599206,"TUSD",-0.00119999999999998
2024-08-02,0.9985,42017514,494441246,"TUSD",-0.00149999999999995
2024-08-01,0.9987,42134673,494559207,"TUSD",-0.00129999999999997
2024-07-31,0.9993,37155513,494876575,"TUSD",-0.000700000000000034
2024-07-30,0.9998,36616255,495098204,"TUSD",-0.000199999999999978
2024-07-29,1,46773108,495181550,"TUSD",0
2024-07-28,1.0001,35163702,495237025,"TUSD",9.9999999999989e-05
2024-07-27,1.0002,54080950,495311555,"TUSD",0.000199999999999978
2024-07-26,1.0006,41144011,495480718,"TUSD",0.000599999999999934
2024-07-25,1.0002,45450298,495316731,"TUSD",0.000199999999999978
2024-07-24,1.0006,56793088,495517894,"TUSD",0.000599999999999934
2024-07-23,0.9992,57361900,494810955,"TUSD",-0.000800000000000023
2024-07-22,1.0009,47343319,495652306,"TUSD",0.000899999999999901
2024-07-21,1.0009,47967083,495650602,"TUSD",0.000899999999999901
2024-07-20,1.0004,38772406,495411017,"TUSD",0.000399999999999956
2024-07-19,1.0012,55533818,495807621,"TUSD",0.00120000000000009
2024-07-18,0.9995,55945005,494967253,"TUSD",-0.000499999999999945
2024-07-17,0.9989,57135500,494671072,"TUSD",-0.00109999999999999
2024-07-16,0.9994,70464243,494882325,"TUSD",-0.000600000000000045
2024-07-15,1,68339099,495209908,"TUSD",0
2024-07-14,0.9989,48684522,494634632,"TUSD",-0.00109999999999999
2024-07-13,0.9991,40744355,494750771,"TUSD",-0.000900000000000012
2024-07-12,0.9987,45793122,494564810,"TUSD",-0.00129999999999997
2024-07-11,0.9985,43373074,494476131,"TUSD",-0.00149999999999995
2024-07-10,0.9989,42062068,494679440,"TUSD",-0.00109999999999999
2024-07-09,0.9991,42599346,494774323,"TUSD",-0.000900000000000012
2024-07-08,0.9992,61917668,514768994,"TUSD",-0.000800000000000023
2024-07-07,0.9986,40054301,494531378,"TUSD",-0.00139999999999996
2024-07-06,1,35063281,495198744,"TUSD",0
2024-07-05,0.9993,68111619,494871309,"TUSD",-0.000700000000000034
2024-07-04,0.9992,46880344,504807506,"TUSD",-0.000800000000000023
2024-07-03,0.9971,37863301,513724957,"TUSD",-0.00290000000000001
2024-07-02,0.9971,35327658,493752508,"TUSD",-0.00290000000000001
2024-07-01,0.998,38249405,494720518,"TUSD",-0.002
2024-06-30,0.9977,34547734,494583994,"TUSD",-0.00229999999999997
2024-06-29,0.9976,31836507,494519313,"TUSD",-0.00239999999999996
2024-06-28,0.997,36728463,494217529,"TUSD",-0.003
2024-06-27,0.9971,40705051,494283701,"TUSD",-0.00290000000000001
2024-06-26,0.9975,35000308,494480684,"TUSD",-0.00249999999999995
2024-06-25,0.9982,37780776,494792451,"TUSD",-0.00180000000000002
2024-06-24,0.9982,50308923,494820492,"TUSD",-0.00180000000000002
2024-06-23,0.9972,30132445,494311217,"TUSD",-0.00280000000000002
2024-06-22,0.9977,31305016,494574951,"TUSD",-0.00229999999999997
2024-06-21,0.9982,40814163,494791223,"TUSD",-0.00180000000000002
2024-06-20,0.9975,48170405,494447690,"TUSD",-0.00249999999999995
2024-06-19,0.9957,38927699,493589161,"TUSD",-0.00429999999999997
2024-06-18,0.9956,57010766,493540608,"TUSD",-0.00439999999999996
2024-06-17,0.9967,47358120,494055749,"TUSD",-0.00329999999999997
2024-06-16,0.9968,36940070,494125294,"TUSD",-0.00319999999999998
2024-06-15,0.9968,36762762,494129931,"TUSD",-0.00319999999999998
2024-06-14,0.9967,44386363,494062416,"TUSD",-0.00329999999999997
2024-06-13,0.9972,49445352,494316631,"TUSD",-0.00280000000000002
2024-06-12,0.9982,69951023,494785548,"TUSD",-0.00180000000000002
2024-06-11,0.9978,52323557,495123637,"TUSD",-0.00219999999999998
2024-06-10,0.9986,45214800,496024628,"TUSD",-0.00139999999999996
2024-06-09,0.999,36870424,496721252,"TUSD",-0.001
2024-06-08,0.9989,39378802,496630958,"TUSD",-0.00109999999999999
2024-06-07,0.9986,66179907,496507410,"TUSD",-0.00139999999999996
2024-06-06,0.9988,44101708,497082324,"TUSD",-0.00119999999999998
2024-06-05,0.9994,50762923,497925476,"TUSD",-0.000600000000000045
2024-06-04,0.9992,47360900,498323350,"TUSD",-0.000800000000000023
2024-06-03,0.9993,50049420,499413783,"TUSD",-0.000700000000000034
2024-06-02,0.9986,39979402,500059608,"TUSD",-0.00139999999999996
2024-06-01,0.9986,34801779,500071598,"TUSD",-0.00139999999999996
2024-05-31,0.9981,48468009,499818313,"TUSD",-0.00190000000000001
2024-05-30,0.9991,46149469,500319880,"TUSD",-0.000900000000000012
2024-05-29,0.9978,60205460,500635810,"TUSD",-0.00219999999999998
2024-05-28,0.9981,58145323,502825420,"TUSD",-0.00190000000000001
2024-05-27,0.9988,64343575,505176802,"TUSD",-0.00119999999999998
2024-05-26,0.9988,47901482,507165813,"TUSD",-0.00119999999999998
2024-05-25,0.9996,45937303,507550393,"TUSD",-0.000399999999999956
2024-05-24,0.9993,59718151,507419492,"TUSD",-0.000700000000000034
2024-05-23,0.9988,72263637,508094626,"TUSD",-0.00119999999999998
2024-05-22,0.9991,49392962,509233959,"TUSD",-0.000900000000000012
2024-05-21,0.9998,59674987,509617480,"TUSD",-0.000199999999999978
2024-05-20,1.0014,77756918,510419047,"TUSD",0.00140000000000007
2024-05-19,1,39091633,509705620,"TUSD",0
2024-05-18,1.001,40424252,510194725,"TUSD",0.00099999999999989
2024-05-17,1.0007,46919724,510083008,"TUSD",0.000699999999999923
2024-05-16,1.0001,48043810,509774472,"TUSD",9.9999999999989e-05
2024-05-15,1.0005,59195054,509264332,"TUSD",0.000499999999999945
2024-05-14,0.9993,43060052,509335824,"TUSD",-0.000700000000000034
2024-05-13,0.9995,44914741,509452839,"TUSD",-0.000499999999999945
2024-05-12,0.9988,33469456,509089870,"TUSD",-0.00119999999999998
2024-05-11,0.9991,29810984,509267390,"TUSD",-0.000900000000000012
2024-05-10,0.9991,42287049,509229323,"TUSD",-0.000900000000000012
2024-05-09,0.9999,40030330,509659015,"TUSD",-9.9999999999989e-05
2024-05-08,0.9988,43652172,509070391,"TUSD",-0.00119999999999998
2024-05-07,0.9998,42712615,509575936,"TUSD",-0.000199999999999978
2024-05-06,0.9997,46141717,509523123,"TUSD",-0.000299999999999967
2024-05-05,0.9998,40947670,509600483,"TUSD",-0.000199999999999978
2024-05-04,1.0001,41715990,509737798,"TUSD",9.9999999999989e-05
2024-05-03,1.0003,49558581,509872050,"TUSD",0.000299999999999967
2024-05-02,0.9992,47711173,509274419,"TUSD",-0.000800000000000023
2024-05-01,0.9972,56583264,508266934,"TUSD",-0.00280000000000002
2024-04-30,0.9979,53110012,508617570,"TUSD",-0.00209999999999999
2024-04-29,0.9992,44687319,509287660,"TUSD",-0.000800000000000023
2024-04-28,0.9999,40084802,509668849,"TUSD",-9.9999999999989e-05
2024-04-27,0.9989,44545584,509159150,"TUSD",-0.00109999999999999
2024-04-26,0.9998,44502327,509602174,"TUSD",-0.000199999999999978
2024-04-25,1.0003,43950287,509861741,"TUSD",0.000299999999999967
2024-04-24,1.0003,52224007,509906506,"TUSD",0.000299999999999967
2024-04-23,1.0026,48442050,511038926,"TUSD",0.00259999999999994
2024-04-22,1.0019,49929301,510675678,"TUSD",0.00190000000000001
2024-04-21,1.0006,37429127,510016026,"TUSD",0.000599999999999934
2024-04-20,1.0013,45997582,510360046,"TUSD",0.00130000000000008
2024-04-19,1.0006,67888248,509988765,"TUSD",0.000599999999999934
2024-04-18,1.0008,55118997,510105318,"TUSD",0.000799999999999912
2024-04-17,0.9996,55336285,509507292,"TUSD",-0.000399999999999956
2024-04-16,0.9995,62666834,509421709,"TUSD",-0.000499999999999945
